guy3_chair070.jpg,150.0,101.0,0.69633734,155.0,96.0,0.81174135,145.0,96.0,0.7756405,163.0,97.0,0.7792505,140.0,97.0,0.5823091,172.0,112.0,0.80950165,133.0,115.0,0.6753032,185.0,80.0,0.73035264,119.0,82.0,0.60531217,183.0,51.0,0.34774467,116.0,49.0,0.38191384,164.0,190.0,0.85272086,139.0,190.0,0.6306391,156.0,247.0,0.8304033,136.0,245.0,0.71076787,158.0,284.0,0.77941614,141.0,282.0,0.85660917
guy3_chair070_flipped.jpg,151.0,101.0,0.7723097,155.0,96.0,0.76046383,145.0,96.0,0.82412696,160.0,97.0,0.75006235,137.0,98.0,0.8058311,166.0,115.0,0.56297827,127.0,114.0,0.64174056,182.0,82.0,0.7553372,115.0,79.0,0.7511672,180.0,48.0,0.52849233,118.0,52.0,0.17422806,161.0,188.0,0.7033812,137.0,190.0,0.82573736,162.0,245.0,0.8388882,143.0,247.0,0.8118396,157.0,283.0,0.652071,143.0,287.0,0.7749981
guy3_chair071.jpg,151.0,103.0,0.7204095,155.0,99.0,0.86422026,146.0,98.0,0.80267566,163.0,99.0,0.7085024,141.0,99.0,0.54238826,173.0,113.0,0.79421246,132.0,116.0,0.73072815,185.0,81.0,0.7149477,119.0,84.0,0.77806914,182.0,54.0,0.40828317,116.0,54.0,0.30040953,164.0,190.0,0.54479444,139.0,190.0,0.60334927,155.0,248.0,0.77792686,136.0,245.0,0.7947452,157.0,286.0,0.79207206,141.0,281.0,0.7806516
guy3_chair071_flipped.jpg,150.0,103.0,0.7741125,154.0,98.0,0.5919479,145.0,97.0,0.6525142,158.0,99.0,0.7735012,137.0,100.0,0.79147846,166.0,117.0,0.53956765,127.0,117.0,0.6140681,182.0,84.0,0.7392138,115.0,81.0,0.6702877,179.0,51.0,0.54821587,117.0,55.0,0.3376689,160.0,189.0,0.6806884,135.0,190.0,0.78455323,163.0,246.0,0.8927148,143.0,249.0,0.91052,157.0,282.0,0.71016014,143.0,286.0,0.7213785
guy3_chair072.jpg,150.0,105.0,0.724821,155.0,100.0,0.84365886,146.0,100.0,0.79857314,164.0,101.0,0.74888885,142.0,101.0,0.6859938,174.0,114.0,0.75105125,134.0,118.0,0.62308836,184.0,83.0,0.74771947,119.0,87.0,0.509498,182.0,55.0,0.46068996,116.0,53.0,0.39740106,164.0,191.0,0.71556544,140.0,191.0,0.7759817,156.0,248.0,0.7333179,136.0,245.0,0.8683714,157.0,287.0,0.78728116,141.0,282.0,0.83864737
guy3_chair072_flipped.jpg,151.0,105.0,0.77885175,154.0,100.0,0.5952197,145.0,100.0,0.69191694,158.0,100.0,0.68994,137.0,102.0,0.81191295,166.0,117.0,0.76519334,126.0,118.0,0.77558684,181.0,84.0,0.82347816,116.0,84.0,0.8811947,182.0,59.0,0.43296936,119.0,59.0,0.13283573,160.0,189.0,0.8318122,135.0,191.0,0.78816295,164.0,247.0,0.81465787,144.0,249.0,0.8387427,157.0,282.0,0.7027538,142.0,287.0,0.6853218
guy3_chair073.jpg,150.0,107.0,0.7161201,155.0,102.0,0.63974524,146.0,101.0,0.5465567,163.0,103.0,0.7929039,142.0,102.0,0.725726,174.0,116.0,0.85323805,134.0,120.0,0.68733263,184.0,85.0,0.849334,119.0,87.0,0.65776974,181.0,54.0,0.53443396,116.0,53.0,0.4397987,165.0,193.0,0.7414946,140.0,193.0,0.8116908,157.0,252.0,0.78171736,137.0,246.0,0.8817978,159.0,287.0,0.77048224,142.0,282.0,0.7583647
guy3_chair073_flipped.jpg,150.0,107.0,0.75870603,154.0,102.0,0.62079346,145.0,102.0,0.74270374,158.0,102.0,0.73987806,137.0,103.0,0.8498811,165.0,119.0,0.813855,126.0,119.0,0.8522459,181.0,87.0,0.6961323,117.0,84.0,0.7936393,184.0,60.0,0.52985114,120.0,61.0,0.21130486,159.0,190.0,0.822447,135.0,192.0,0.79369545,164.0,246.0,0.8462174,142.0,249.0,0.88582975,156.0,283.0,0.7550672,142.0,290.0,0.74681306
guy3_chair074.jpg,149.0,109.0,0.49887785,154.0,104.0,0.7880822,145.0,103.0,0.65956235,163.0,104.0,0.57862025,142.0,105.0,0.62644887,174.0,117.0,0.7471118,134.0,122.0,0.58937633,183.0,86.0,0.770262,119.0,90.0,0.7048142,180.0,58.0,0.50968826,114.0,56.0,0.37557885,164.0,193.0,0.72408646,140.0,193.0,0.7986757,154.0,252.0,0.6216414,135.0,249.0,0.86820096,158.0,288.0,0.84551215,142.0,283.0,0.8783649
guy3_chair074_flipped.jpg,151.0,109.0,0.6116072,155.0,104.0,0.61806405,145.0,104.0,0.75038636,158.0,105.0,0.7989005,137.0,106.0,0.8452204,165.0,122.0,0.721022,126.0,121.0,0.8518669,181.0,90.0,0.7388555,117.0,87.0,0.5672247,184.0,62.0,0.6572319,122.0,63.0,0.16277905,158.0,191.0,0.71648026,135.0,193.0,0.8430172,164.0,249.0,0.86644125,144.0,251.0,0.9033219,156.0,282.0,0.78262854,143.0,289.0,0.78637755
guy3_chair075.jpg,150.0,111.0,0.7020043,155.0,106.0,0.86711895,146.0,106.0,0.7295956,164.0,106.0,0.86782765,143.0,106.0,0.7538337,174.0,121.0,0.6667372,134.0,122.0,0.8055932,183.0,87.0,0.66915506,120.0,92.0,0.74464774,181.0,64.0,0.41228577,115.0,60.0,0.43611678,166.0,194.0,0.82047373,141.0,194.0,0.8270786,155.0,253.0,0.6998398,134.0,249.0,0.724986,159.0,287.0,0.8025221,143.0,281.0,0.87428325
guy3_chair075_flipped.jpg,151.0,111.0,0.7428174,154.0,105.0,0.50471246,145.0,105.0,0.6572181,158.0,106.0,0.7641413,137.0,107.0,0.7944714,165.0,123.0,0.68666387,126.0,122.0,0.87439966,181.0,90.0,0.5135703,118.0,88.0,0.8253975,184.0,65.0,0.59195673,120.0,64.0,0.15547079,157.0,192.0,0.71251976,134.0,194.0,0.8399311,165.0,248.0,0.90279,144.0,251.0,0.9162852,156.0,279.0,0.7895219,142.0,286.0,0.75173426
guy3_chair076.jpg,148.0,113.0,0.67560816,154.0,108.0,0.7326602,144.0,108.0,0.77348715,163.0,107.0,0.81207055,142.0,108.0,0.66001284,174.0,121.0,0.755242,134.0,124.0,0.8533519,182.0,90.0,0.8410231,120.0,92.0,0.62544686,180.0,65.0,0.2875771,116.0,65.0,0.33989513,166.0,195.0,0.63377726,141.0,195.0,0.8306528,155.0,252.0,0.89504874,134.0,249.0,0.8936124,159.0,286.0,0.84321356,143.0,280.0,0.7718441
guy3_chair076_flipped.jpg,151.0,112.0,0.74348164,155.0,107.0,0.6647768,146.0,107.0,0.60617423,159.0,108.0,0.68936056,138.0,109.0,0.7662701,165.0,125.0,0.8091707,126.0,124.0,0.6856007,180.0,92.0,0.67859507,118.0,89.0,0.85292137,184.0,66.0,0.47591045,121.0,66.0,0.11845874,158.0,194.0,0.7770393,134.0,196.0,0.85024315,166.0,250.0,0.9250002,145.0,252.0,0.8627354,155.0,280.0,0.757248,143.0,287.0,0.8099071
guy3_chair077.jpg,148.0,114.0,0.69352424,153.0,109.0,0.83414423,144.0,109.0,0.79641914,162.0,109.0,0.73905116,142.0,110.0,0.6090795,173.0,123.0,0.62895334,134.0,125.0,0.76004446,180.0,91.0,0.7395134,120.0,93.0,0.5748769,176.0,58.0,0.6881071,114.0,60.0,0.38135913,166.0,197.0,0.7101309,142.0,196.0,0.75696963,154.0,253.0,0.7643878,134.0,251.0,0.8953959,158.0,288.0,0.7234241,143.0,281.0,0.6304788
guy3_chair077_flipped.jpg,152.0,114.0,0.7471811,156.0,108.0,0.6575068,146.0,109.0,0.8289783,158.0,109.0,0.81123894,137.0,110.0,0.75421596,165.0,125.0,0.81450146,127.0,125.0,0.705829,180.0,93.0,0.8241175,119.0,89.0,0.74109894,185.0,68.0,0.604141,123.0,68.0,0.13121665,157.0,195.0,0.87326205,133.0,196.0,0.83373076,166.0,249.0,0.9369156,145.0,251.0,0.8348705,156.0,280.0,0.79112166,143.0,285.0,0.81078255
guy3_chair078.jpg,146.0,116.0,0.6491233,152.0,110.0,0.80284613,143.0,110.0,0.7065894,162.0,110.0,0.7877891,140.0,111.0,0.7176391,173.0,125.0,0.57387245,134.0,126.0,0.6953969,180.0,93.0,0.8053482,118.0,97.0,0.6350446,176.0,59.0,0.50298834,113.0,62.0,0.44474658,166.0,197.0,0.5031433,141.0,197.0,0.7454163,153.0,252.0,0.7217059,133.0,249.0,0.84203935,158.0,288.0,0.8288854,143.0,281.0,0.6437757
guy3_chair078_flipped.jpg,153.0,115.0,0.6330502,156.0,110.0,0.64257634,147.0,110.0,0.83032244,158.0,110.0,0.78444296,138.0,111.0,0.77693427,165.0,126.0,0.77767825,127.0,126.0,0.83029896,182.0,95.0,0.6934612,120.0,92.0,0.7133088,186.0,70.0,0.57825947,123.0,69.0,0.25675628,156.0,195.0,0.86620927,132.0,197.0,0.832518,166.0,249.0,0.9482898,146.0,250.0,0.86195326,155.0,279.0,0.7491564,143.0,285.0,0.853642
guy3_chair079.jpg,146.0,117.0,0.53031945,152.0,111.0,0.74928176,142.0,111.0,0.62478644,162.0,111.0,0.8189085,140.0,111.0,0.72327197,173.0,125.0,0.48544735,134.0,126.0,0.6612259,180.0,94.0,0.8566928,118.0,97.0,0.67029285,178.0,64.0,0.4641137,112.0,61.0,0.44275475,167.0,198.0,0.7709163,143.0,197.0,0.77652574,152.0,252.0,0.5955921,134.0,249.0,0.7719627,159.0,288.0,0.8279918,144.0,281.0,0.8344742
guy3_chair079_flipped.jpg,153.0,116.0,0.7121601,156.0,111.0,0.55824673,147.0,111.0,0.83162624,158.0,111.0,0.80178034,138.0,112.0,0.8105877,165.0,126.0,0.7571669,126.0,126.0,0.75531864,182.0,96.0,0.779371,120.0,94.0,0.8322818,186.0,69.0,0.76442,125.0,70.0,0.13321017,155.0,196.0,0.73416126,131.0,197.0,0.83720505,166.0,247.0,0.92646426,146.0,249.0,0.90520555,155.0,278.0,0.7669536,142.0,285.0,0.8348923
guy3_chair080.jpg,144.0,118.0,0.7456552,150.0,113.0,0.7002872,141.0,112.0,0.63894457,161.0,112.0,0.71324795,140.0,112.0,0.55184364,172.0,126.0,0.6542905,134.0,128.0,0.605247,180.0,96.0,0.8196158,117.0,97.0,0.76029086,175.0,67.0,0.38244486,113.0,64.0,0.3102253,168.0,198.0,0.84709877,143.0,198.0,0.8049321,152.0,250.0,0.8943704,132.0,249.0,0.7727124,158.0,286.0,0.8594779,144.0,280.0,0.6711222
guy3_chair080_flipped.jpg,155.0,119.0,0.7327534,158.0,113.0,0.7124769,149.0,113.0,0.77684885,159.0,112.0,0.6604792,139.0,113.0,0.63047284,166.0,128.0,0.7490476,127.0,127.0,0.67712665,184.0,98.0,0.78137416,120.0,96.0,0.8083818,187.0,68.0,0.8018322,125.0,70.0,0.39624965,155.0,196.0,0.8475945,132.0,198.0,0.8554895,168.0,247.0,0.8804579,147.0,249.0,0.8778329,156.0,279.0,0.856606,142.0,286.0,0.88647616
guy3_chair081.jpg,143.0,120.0,0.6564487,149.0,114.0,0.81711686,139.0,114.0,0.6906859,160.0,114.0,0.75351435,139.0,114.0,0.51861095,171.0,127.0,0.74308276,133.0,129.0,0.6547338,179.0,97.0,0.8332099,114.0,98.0,0.64269406,172.0,65.0,0.31890354,111.0,66.0,0.38779005,168.0,198.0,0.8457232,144.0,198.0,0.8234193,151.0,250.0,0.88776505,131.0,249.0,0.7124024,159.0,285.0,0.8612288,145.0,278.0,0.76020366
guy3_chair081_flipped.jpg,156.0,120.0,0.5391344,159.0,114.0,0.6829573,150.0,114.0,0.8228657,159.0,113.0,0.70300883,140.0,114.0,0.7185819,169.0,127.0,0.7352799,127.0,127.0,0.83030224,185.0,98.0,0.7541688,121.0,96.0,0.8751473,188.0,70.0,0.6540377,126.0,72.0,0.2956854,155.0,196.0,0.71304387,131.0,198.0,0.85917467,168.0,247.0,0.88923246,148.0,250.0,0.85867774,156.0,278.0,0.86201525,142.0,283.0,0.8581868
guy3_chair082.jpg,142.0,121.0,0.72937936,147.0,115.0,0.6946228,139.0,115.0,0.5388771,159.0,115.0,0.70350695,139.0,115.0,0.5240822,171.0,129.0,0.8266535,132.0,131.0,0.6120744,178.0,98.0,0.7082955,113.0,99.0,0.8168849,173.0,72.0,0.4238616,111.0,72.0,0.3896502,169.0,198.0,0.8207405,144.0,198.0,0.80275536,151.0,248.0,0.8322067,131.0,248.0,0.72959965,159.0,283.0,0.8866982,144.0,277.0,0.74913454
guy3_chair082_flipped.jpg,158.0,121.0,0.78543687,160.0,115.0,0.4626723,152.0,115.0,0.6640482,160.0,115.0,0.5554607,142.0,115.0,0.7723703,168.0,130.0,0.69893324,128.0,128.0,0.83344,187.0,98.0,0.6708555,123.0,96.0,0.82315445,190.0,70.0,0.64059377,128.0,70.0,0.47395736,155.0,197.0,0.8708987,131.0,199.0,0.8628911,169.0,247.0,0.9463268,147.0,248.0,0.8704127,157.0,278.0,0.82431257,142.0,282.0,0.86001414
guy3_chair083.jpg,141.0,122.0,0.5939641,147.0,116.0,0.9091212,139.0,116.0,0.8504772,159.0,116.0,0.89364874,139.0,116.0,0.7985686,170.0,130.0,0.8755317,133.0,131.0,0.5949631,177.0,100.0,0.768788,113.0,99.0,0.7715304,172.0,75.0,0.6193734,109.0,75.0,0.6405145,171.0,197.0,0.8241372,148.0,198.0,0.8178709,151.0,248.0,0.8392322,131.0,247.0,0.88773376,158.0,282.0,0.8325601,143.0,278.0,0.7006968
guy3_chair083_flipped.jpg,159.0,122.0,0.6396644,161.0,116.0,0.56879294,154.0,117.0,0.56221724,160.0,116.0,0.4664133,142.0,117.0,0.45876676,168.0,131.0,0.68574,129.0,130.0,0.74421453,187.0,100.0,0.61695635,124.0,100.0,0.67817724,191.0,73.0,0.5440979,129.0,72.0,0.28306422,154.0,198.0,0.78161967,131.0,200.0,0.8714671,170.0,245.0,0.9207177,149.0,247.0,0.88032955,157.0,277.0,0.82913315,142.0,281.0,0.8381668
guy3_chair084.jpg,140.0,123.0,0.7891655,145.0,118.0,0.55258065,137.0,117.0,0.51033264,158.0,118.0,0.72404206,138.0,117.0,0.5463941,169.0,131.0,0.7484349,132.0,132.0,0.5719157,175.0,101.0,0.74767727,111.0,101.0,0.81349826,170.0,73.0,0.5774027,107.0,74.0,0.1954546,170.0,199.0,0.8188457,146.0,198.0,0.8140241,149.0,247.0,0.89908457,129.0,246.0,0.8131639,158.0,282.0,0.8474822,143.0,277.0,0.7844888
guy3_chair084_flipped.jpg,160.0,124.0,0.74496067,162.0,118.0,0.58349746,155.0,118.0,0.61140895,161.0,118.0,0.6224103,143.0,118.0,0.5888057,168.0,132.0,0.7137908,130.0,130.0,0.59223676,188.0,102.0,0.7180394,124.0,102.0,0.8163996,193.0,72.0,0.54280615,132.0,72.0,0.55730486,154.0,199.0,0.75075966,130.0,201.0,0.856648,170.0,244.0,0.86998546,149.0,246.0,0.5868112,158.0,276.0,0.8692825,142.0,281.0,0.8106615
guy3_chair085.jpg,138.0,125.0,0.6522909,144.0,119.0,0.8694488,135.0,119.0,0.7615271,156.0,119.0,0.87114644,136.0,118.0,0.70089686,168.0,130.0,0.8497946,131.0,133.0,0.6921406,173.0,101.0,0.7741478,110.0,103.0,0.6957611,168.0,75.0,0.42194262,105.0,72.0,0.18093488,171.0,199.0,0.85180485,147.0,199.0,0.7944852,149.0,247.0,0.8554042,129.0,244.0,0.8535625,158.0,282.0,0.76806456,142.0,275.0,0.74737203
guy3_chair085_flipped.jpg,161.0,124.0,0.52946985,163.0,118.0,0.6209215,155.0,119.0,0.7332249,162.0,118.0,0.418445,144.0,119.0,0.76555747,168.0,134.0,0.7986545,130.0,131.0,0.6050181,190.0,101.0,0.5516512,127.0,103.0,0.65290034,194.0,74.0,0.34886217,133.0,74.0,0.15657078,153.0,199.0,0.77817476,129.0,201.0,0.86923677,171.0,243.0,0.9339605,149.0,244.0,0.72988075,158.0,276.0,0.834843,142.0,280.0,0.83578324
guy3_chair086.jpg,137.0,126.0,0.7429737,142.0,120.0,0.7955683,135.0,120.0,0.7732435,155.0,120.0,0.7680568,137.0,119.0,0.6884494,167.0,132.0,0.6934391,132.0,135.0,0.6263344,171.0,102.0,0.72511494,109.0,101.0,0.88705534,166.0,76.0,0.6625115,105.0,76.0,0.40851933,172.0,199.0,0.89456403,150.0,199.0,0.8795809,149.0,245.0,0.8245101,129.0,244.0,0.92867714,157.0,279.0,0.7402022,143.0,273.0,0.7149745
guy3_chair086_flipped.jpg,163.0,125.0,0.7662143,164.0,119.0,0.4549518,157.0,120.0,0.6142882,161.0,119.0,0.53928393,145.0,120.0,0.59952635,168.0,135.0,0.7470793,131.0,132.0,0.8044226,191.0,102.0,0.66707337,128.0,105.0,0.7585125,196.0,78.0,0.5968156,134.0,77.0,0.35454604,152.0,198.0,0.7888584,128.0,199.0,0.8514937,172.0,241.0,0.91256,149.0,244.0,0.8125744,156.0,274.0,0.83727676,142.0,279.0,0.8686233
guy3_chair087.jpg,135.0,126.0,0.7969638,141.0,121.0,0.7563093,133.0,120.0,0.6419002,153.0,120.0,0.78175795,136.0,118.0,0.56657135,166.0,131.0,0.8588408,131.0,133.0,0.6921269,170.0,102.0,0.8319519,109.0,102.0,0.76480603,164.0,78.0,0.45779628,103.0,78.0,0.57950413,173.0,200.0,0.8856421,152.0,199.0,0.84539545,148.0,243.0,0.9183676,128.0,240.0,0.85630506,158.0,278.0,0.8662684,144.0,273.0,0.7218019
guy3_chair087_flipped.jpg,164.0,126.0,0.7637297,166.0,120.0,0.56474465,158.0,120.0,0.47990337,163.0,119.0,0.40349862,147.0,120.0,0.7660081,169.0,135.0,0.81676245,132.0,133.0,0.8486852,193.0,102.0,0.7746177,130.0,104.0,0.8169402,199.0,79.0,0.28014445,136.0,78.0,0.18347293,151.0,198.0,0.8120445,127.0,199.0,0.8457463,173.0,237.0,0.9311118,150.0,242.0,0.9370215,156.0,274.0,0.74347734,142.0,279.0,0.8770098
guy3_chair088.jpg,134.0,127.0,0.7436783,140.0,122.0,0.7905547,132.0,121.0,0.71115035,153.0,121.0,0.6653396,135.0,120.0,0.5582837,165.0,133.0,0.8159364,129.0,135.0,0.6505883,169.0,105.0,0.6967094,108.0,105.0,0.7377551,163.0,80.0,0.30404478,102.0,81.0,0.48518294,173.0,199.0,0.8755732,151.0,198.0,0.7509472,149.0,242.0,0.8775259,128.0,239.0,0.91277516,157.0,276.0,0.8302755,143.0,271.0,0.779252
guy3_chair088_flipped.jpg,164.0,126.0,0.69576406,166.0,120.0,0.68322754,159.0,120.0,0.7561167,164.0,119.0,0.6739332,147.0,120.0,0.73737144,169.0,134.0,0.61968327,133.0,132.0,0.83465207,193.0,102.0,0.6698755,131.0,103.0,0.72089046,198.0,80.0,0.5310639,138.0,79.0,0.21917711,151.0,196.0,0.77178395,127.0,198.0,0.8580926,172.0,236.0,0.8856505,151.0,241.0,0.89817363,157.0,270.0,0.62563205,142.0,274.0,0.8676809
guy3_chair089.jpg,134.0,126.0,0.78253454,139.0,121.0,0.6773697,132.0,121.0,0.6191398,152.0,121.0,0.80591166,135.0,120.0,0.63119626,166.0,132.0,0.7587477,129.0,134.0,0.72692966,167.0,102.0,0.61727,108.0,104.0,0.5654284,160.0,79.0,0.23192759,101.0,79.0,0.25922394,175.0,199.0,0.8977807,151.0,198.0,0.8267344,149.0,239.0,0.66301334,127.0,236.0,0.87606376,158.0,276.0,0.85448277,143.0,272.0,0.75106347
guy3_chair089_flipped.jpg,166.0,127.0,0.7011272,168.0,121.0,0.7882596,160.0,121.0,0.8489854,164.0,121.0,0.6392858,148.0,121.0,0.8337951,169.0,135.0,0.70018554,134.0,132.0,0.8158238,194.0,102.0,0.79927826,133.0,104.0,0.7448108,198.0,75.0,0.5234364,141.0,77.0,0.4204566,151.0,196.0,0.7897437,126.0,198.0,0.8580305,174.0,234.0,0.88794774,151.0,239.0,0.9224019,157.0,271.0,0.6101589,143.0,274.0,0.8386377
guy3_chair090.jpg,132.0,127.0,0.69605374,138.0,122.0,0.8677918,130.0,121.0,0.80820197,151.0,122.0,0.84947526,134.0,121.0,0.7088457,164.0,134.0,0.8578246,128.0,135.0,0.75444347,165.0,102.0,0.79028213,107.0,105.0,0.78349286,156.0,78.0,0.49234447,99.0,79.0,0.35723433,175.0,197.0,0.85642093,151.0,196.0,0.8840177,147.0,238.0,0.80709887,126.0,234.0,0.9172774,157.0,275.0,0.8768892,143.0,271.0,0.80400336
guy3_chair090_flipped.jpg,166.0,127.0,0.7395575,168.0,121.0,0.68276787,161.0,121.0,0.7329971,165.0,120.0,0.61486554,149.0,121.0,0.817248,169.0,136.0,0.79090226,134.0,132.0,0.87891924,195.0,102.0,0.751944,135.0,102.0,0.74667037,202.0,78.0,0.68426067,142.0,78.0,0.44875237,149.0,196.0,0.7598887,125.0,198.0,0.8633621,174.0,233.0,0.81378657,152.0,239.0,0.93862665,156.0,270.0,0.7285349,144.0,274.0,0.8488636
guy3_chair091.jpg,132.0,126.0,0.7350359,137.0,122.0,0.6894479,130.0,121.0,0.61594677,151.0,121.0,0.8001657,134.0,120.0,0.5171484,164.0,133.0,0.776034,129.0,133.0,0.5436138,162.0,102.0,0.47110036,108.0,104.0,0.5102701,155.0,79.0,0.31276673,99.0,80.0,0.3961069,176.0,197.0,0.87074757,151.0,195.0,0.7572117,147.0,236.0,0.91768265,126.0,230.0,0.869809,157.0,274.0,0.81317633,142.0,270.0,0.7341212
guy3_chair091_flipped.jpg,167.0,126.0,0.5752822,170.0,120.0,0.7999062,162.0,121.0,0.88030136,168.0,120.0,0.5718388,149.0,120.0,0.7749276,171.0,134.0,0.68946517,135.0,131.0,0.84533274,196.0,102.0,0.71508276,138.0,101.0,0.5036495,204.0,77.0,0.68315476,146.0,77.0,0.5988265,149.0,194.0,0.7618159,125.0,196.0,0.8777556,175.0,230.0,0.91457546,152.0,236.0,0.879711,158.0,268.0,0.6197041,144.0,271.0,0.7831126
guy3_chair092.jpg,131.0,126.0,0.6317892,137.0,121.0,0.7169484,129.0,120.0,0.64415354,150.0,121.0,0.82853365,133.0,120.0,0.54877555,164.0,133.0,0.6998625,128.0,133.0,0.5575591,160.0,100.0,0.53058904,106.0,105.0,0.56620467,152.0,77.0,0.42551646,98.0,77.0,0.57690644,176.0,196.0,0.83303297,151.0,194.0,0.84907186,147.0,234.0,0.79499865,126.0,229.0,0.75089985,157.0,273.0,0.78482807,142.0,268.0,0.798684
guy3_chair092_flipped.jpg,168.0,126.0,0.5641234,171.0,120.0,0.7212021,163.0,120.0,0.8221254,168.0,119.0,0.63762367,150.0,120.0,0.84266686,171.0,133.0,0.7614886,136.0,130.0,0.8217551,196.0,103.0,0.7861643,140.0,100.0,0.46146256,204.0,73.0,0.62885547,149.0,76.0,0.6813975,149.0,193.0,0.72025275,126.0,197.0,0.904688,175.0,228.0,0.884964,153.0,234.0,0.7109955,157.0,266.0,0.5919597,146.0,271.0,0.69474024
guy3_chair093.jpg,130.0,125.0,0.68011844,136.0,120.0,0.8136518,129.0,118.0,0.6254227,150.0,119.0,0.7500203,133.0,117.0,0.7193428,163.0,132.0,0.764387,128.0,130.0,0.58706033,159.0,103.0,0.65500677,106.0,105.0,0.7855638,150.0,78.0,0.63498735,95.0,78.0,0.6907654,178.0,196.0,0.79953146,154.0,195.0,0.84283686,147.0,232.0,0.8458808,125.0,227.0,0.87689334,156.0,270.0,0.8419805,142.0,266.0,0.81334984
guy3_chair093_flipped.jpg,168.0,125.0,0.7213719,171.0,119.0,0.7577379,163.0,119.0,0.7482064,168.0,118.0,0.66826546,150.0,118.0,0.83744913,171.0,130.0,0.6659454,136.0,129.0,0.83943546,196.0,100.0,0.7973201,141.0,101.0,0.46789655,206.0,75.0,0.74269575,151.0,75.0,0.6219463,148.0,193.0,0.72674114,124.0,195.0,0.8820211,175.0,225.0,0.93056303,154.0,232.0,0.81335056,156.0,265.0,0.6973219,144.0,267.0,0.6544912
guy3_chair094.jpg,130.0,124.0,0.65351534,135.0,119.0,0.6455737,128.0,118.0,0.57816076,149.0,118.0,0.8383733,131.0,117.0,0.6023354,163.0,130.0,0.7103187,126.0,129.0,0.6589675,158.0,101.0,0.53789675,106.0,106.0,0.52030814,147.0,76.0,0.5880763,92.0,74.0,0.27931052,176.0,195.0,0.8518266,152.0,193.0,0.6969497,147.0,228.0,0.6519523,125.0,224.0,0.79682505,157.0,269.0,0.8253797,142.0,265.0,0.72634006
guy3_chair094_flipped.jpg,170.0,124.0,0.6312338,172.0,118.0,0.84350693,164.0,119.0,0.89431345,168.0,117.0,0.62132007,151.0,119.0,0.70196486,171.0,130.0,0.6325221,136.0,128.0,0.9153627,197.0,100.0,0.7153851,143.0,102.0,0.62966776,207.0,73.0,0.5111797,153.0,74.0,0.72036684,147.0,192.0,0.75167006,124.0,195.0,0.89221215,175.0,224.0,0.74112606,154.0,230.0,0.8870876,155.0,264.0,0.6287926,145.0,267.0,0.7006407
guy3_chair095.jpg,129.0,124.0,0.72231793,134.0,118.0,0.8000957,127.0,117.0,0.703855,148.0,117.0,0.8087856,131.0,116.0,0.60816854,163.0,129.0,0.7773794,127.0,129.0,0.50419,155.0,98.0,0.46591744,102.0,105.0,0.65407884,144.0,75.0,0.4817816,91.0,76.0,0.50908816,177.0,196.0,0.8825374,155.0,194.0,0.6627465,145.0,228.0,0.73152936,125.0,222.0,0.86087364,157.0,266.0,0.80709004,141.0,263.0,0.8091968
guy3_chair095_flipped.jpg,171.0,123.0,0.5137205,174.0,117.0,0.8086495,165.0,117.0,0.7943946,171.0,117.0,0.6712377,152.0,116.0,0.8461268,172.0,129.0,0.6717285,137.0,128.0,0.88608444,198.0,102.0,0.7893866,144.0,104.0,0.6635874,209.0,75.0,0.56231666,156.0,74.0,0.7318448,146.0,191.0,0.7583606,123.0,194.0,0.90683067,176.0,221.0,0.86717564,155.0,229.0,0.86042243,157.0,261.0,0.5610577,145.0,266.0,0.66612315
guy3_chair096.jpg,128.0,122.0,0.79147524,134.0,116.0,0.8300545,126.0,115.0,0.7291125,149.0,115.0,0.8439669,131.0,114.0,0.75310737,163.0,128.0,0.78091395,129.0,128.0,0.47264156,154.0,95.0,0.6970267,103.0,103.0,0.7390463,144.0,76.0,0.5538829,91.0,75.0,0.50473,179.0,194.0,0.8895579,158.0,193.0,0.79841703,146.0,226.0,0.8788041,126.0,221.0,0.8749123,157.0,263.0,0.880925,142.0,260.0,0.778914
guy3_chair096_flipped.jpg,171.0,121.0,0.7153986,174.0,115.0,0.8223769,165.0,115.0,0.8352939,171.0,115.0,0.6920712,152.0,115.0,0.86643416,171.0,128.0,0.72443604,137.0,126.0,0.88365084,197.0,102.0,0.6005572,146.0,100.0,0.50216246,210.0,73.0,0.7108433,157.0,73.0,0.72238815,145.0,190.0,0.86462843,123.0,192.0,0.89391863,175.0,219.0,0.866619,155.0,226.0,0.67625755,157.0,259.0,0.57080495,144.0,264.0,0.6841038
guy3_chair097.jpg,128.0,121.0,0.49898493,134.0,115.0,0.8288199,126.0,114.0,0.75521725,148.0,113.0,0.7188587,129.0,114.0,0.49768952,161.0,127.0,0.7123274,125.0,126.0,0.633617,154.0,100.0,0.44062608,103.0,102.0,0.58027995,140.0,70.0,0.44380346,88.0,76.0,0.515763,177.0,192.0,0.7659831,155.0,189.0,0.764736,145.0,224.0,0.7857069,125.0,219.0,0.6987195,156.0,263.0,0.8506367,141.0,258.0,0.7003802
guy3_chair097_flipped.jpg,172.0,121.0,0.67507184,175.0,115.0,0.84549546,167.0,115.0,0.8580101,172.0,114.0,0.71804404,153.0,113.0,0.6470218,172.0,127.0,0.7152145,140.0,124.0,0.9282054,199.0,104.0,0.55250156,147.0,102.0,0.31909153,212.0,75.0,0.66210616,160.0,71.0,0.6530945,145.0,189.0,0.733191,123.0,192.0,0.8996055,176.0,218.0,0.8610139,157.0,225.0,0.68958527,157.0,258.0,0.7045486,145.0,263.0,0.73330057
guy3_chair098.jpg,127.0,120.0,0.76801217,132.0,114.0,0.7737698,125.0,114.0,0.76814973,146.0,112.0,0.6268885,129.0,113.0,0.6939852,160.0,125.0,0.833817,127.0,126.0,0.6169539,150.0,95.0,0.5102843,101.0,102.0,0.8589586,136.0,69.0,0.23588863,86.0,74.0,0.60535765,179.0,193.0,0.8591384,159.0,191.0,0.83844805,143.0,223.0,0.8211782,125.0,219.0,0.73514605,155.0,259.0,0.8288666,141.0,256.0,0.8136263
guy3_chair098_flipped.jpg,172.0,119.0,0.7071929,175.0,112.0,0.79953486,166.0,113.0,0.8828159,171.0,111.0,0.6292577,153.0,111.0,0.72372663,172.0,124.0,0.84223115,139.0,123.0,0.9364293,200.0,100.0,0.72663736,150.0,91.0,0.5103026,214.0,70.0,0.59723526,162.0,70.0,0.44510198,143.0,187.0,0.7970049,122.0,190.0,0.89226705,176.0,216.0,0.8973826,157.0,222.0,0.75072443,156.0,256.0,0.6334033,144.0,260.0,0.82166535
guy3_chair099.jpg,126.0,117.0,0.7784548,133.0,111.0,0.7867056,124.0,111.0,0.79700476,147.0,110.0,0.85875547,130.0,110.0,0.6709654,160.0,124.0,0.8833215,128.0,125.0,0.48158586,150.0,94.0,0.5860833,101.0,101.0,0.7948888,137.0,71.0,0.46334347,87.0,73.0,0.564169,180.0,192.0,0.8843766,159.0,189.0,0.7685411,142.0,219.0,0.84086144,125.0,216.0,0.69411135,157.0,259.0,0.90561444,142.0,255.0,0.77902955
guy3_chair099_flipped.jpg,172.0,117.0,0.7018243,175.0,111.0,0.74270964,167.0,111.0,0.8366492,171.0,110.0,0.60675716,153.0,110.0,0.6801858,172.0,123.0,0.80797565,139.0,122.0,0.9278968,200.0,100.0,0.65519917,151.0,94.0,0.41737017,214.0,71.0,0.6306355,163.0,69.0,0.59148127,143.0,187.0,0.7765664,122.0,189.0,0.8902143,176.0,214.0,0.8197107,157.0,220.0,0.87649554,157.0,254.0,0.58555645,145.0,259.0,0.8366587
guy3_chair100.jpg,126.0,114.0,0.5756953,131.0,109.0,0.60732555,123.0,109.0,0.30849,144.0,108.0,0.7399589,127.0,109.0,0.22420569,156.0,123.0,0.5856278,127.0,124.0,0.50500464,149.0,92.0,0.27507478,101.0,98.0,0.6113381,135.0,67.0,0.3154778,86.0,71.0,0.49808738,175.0,188.0,0.773492,155.0,186.0,0.54223216,144.0,218.0,0.81819576,125.0,212.0,0.59895825,155.0,258.0,0.53881544,141.0,254.0,0.4833031
guy3_chair100_flipped.jpg,173.0,115.0,0.74958694,175.0,109.0,0.69901943,168.0,109.0,0.76058614,171.0,109.0,0.709967,155.0,108.0,0.85551786,172.0,121.0,0.6921738,140.0,120.0,0.7380552,198.0,100.0,0.7026059,152.0,96.0,0.48181337,215.0,70.0,0.530479,164.0,66.0,0.7357499,143.0,185.0,0.7345252,122.0,188.0,0.7629627,176.0,213.0,0.91114753,158.0,219.0,0.9012722,157.0,253.0,0.66526717,145.0,257.0,0.82912236
guy3_chair101.jpg,126.0,113.0,0.7807707,131.0,107.0,0.60734093,125.0,107.0,0.69996405,144.0,106.0,0.7776327,130.0,107.0,0.7091819,159.0,121.0,0.87317693,130.0,123.0,0.5010754,149.0,92.0,0.7914451,103.0,98.0,0.6587759,133.0,63.0,0.49803874,85.0,66.0,0.618926,180.0,189.0,0.8937363,162.0,187.0,0.75117075,144.0,217.0,0.72191334,125.0,213.0,0.737936,156.0,255.0,0.88332313,143.0,253.0,0.56019807
guy3_chair101_flipped.jpg,173.0,113.0,0.7593125,175.0,107.0,0.6914253,168.0,107.0,0.7828534,170.0,106.0,0.65711045,155.0,106.0,0.5220516,171.0,120.0,0.6427257,141.0,118.0,0.9266158,198.0,97.0,0.47420597,154.0,89.0,0.49714231,213.0,69.0,0.65274674,166.0,64.0,0.5999134,142.0,184.0,0.7660112,122.0,186.0,0.7701983,176.0,210.0,0.8924596,158.0,216.0,0.88929826,157.0,253.0,0.6385858,145.0,257.0,0.8747711
guy3_chair102.jpg,126.0,111.0,0.6732685,132.0,106.0,0.7236912,124.0,106.0,0.70288104,145.0,105.0,0.7193036,128.0,105.0,0.5431467,158.0,117.0,0.6000531,126.0,119.0,0.5496571,145.0,84.0,0.4411634,102.0,95.0,0.6057834,135.0,67.0,0.27665305,86.0,66.0,0.43806264,178.0,185.0,0.8727321,157.0,183.0,0.68124735,143.0,214.0,0.8327501,124.0,208.0,0.589519,157.0,255.0,0.8014284,142.0,251.0,0.7205191
guy3_chair102_flipped.jpg,174.0,111.0,0.76334584,175.0,106.0,0.7016456,168.0,106.0,0.7883621,170.0,104.0,0.4447927,156.0,104.0,0.71409166,171.0,119.0,0.67325485,141.0,115.0,0.89379853,199.0,95.0,0.64888275,158.0,80.0,0.60981387,216.0,65.0,0.5461866,166.0,62.0,0.4724652,142.0,182.0,0.794281,120.0,184.0,0.7301592,177.0,208.0,0.7623698,158.0,215.0,0.84325564,157.0,251.0,0.72536516,146.0,254.0,0.8307383
guy3_chair103.jpg,126.0,109.0,0.74675375,132.0,103.0,0.755183,124.0,104.0,0.72524655,145.0,102.0,0.7284094,129.0,102.0,0.5413135,158.0,116.0,0.53831506,127.0,117.0,0.61395305,146.0,84.0,0.5813416,103.0,94.0,0.6174497,132.0,63.0,0.34694436,86.0,63.0,0.5526444,180.0,185.0,0.84792304,159.0,182.0,0.6949028,142.0,212.0,0.8017225,124.0,207.0,0.6554246,157.0,253.0,0.91134506,142.0,249.0,0.669541
guy3_chair103_flipped.jpg,174.0,110.0,0.73099357,175.0,104.0,0.73070335,169.0,104.0,0.8117401,169.0,103.0,0.5581229,156.0,102.0,0.63915956,171.0,117.0,0.6786243,141.0,115.0,0.93355906,197.0,94.0,0.56375617,156.0,88.0,0.5855485,215.0,62.0,0.6567432,166.0,61.0,0.6713327,141.0,180.0,0.6610175,120.0,183.0,0.71617246,176.0,206.0,0.80778116,159.0,212.0,0.86175764,156.0,249.0,0.6335335,146.0,252.0,0.86789507
guy3_chair104.jpg,126.0,108.0,0.6398003,131.0,102.0,0.71732354,124.0,102.0,0.71743155,144.0,100.0,0.7896124,130.0,102.0,0.5983685,158.0,115.0,0.7686379,130.0,116.0,0.4906918,147.0,87.0,0.58641005,102.0,92.0,0.5619879,131.0,58.0,0.5701864,86.0,61.0,0.56071573,181.0,183.0,0.8537247,161.0,182.0,0.7747828,143.0,210.0,0.825052,124.0,207.0,0.6858702,156.0,249.0,0.8756653,142.0,247.0,0.84597534
guy3_chair104_flipped.jpg,174.0,108.0,0.689157,175.0,102.0,0.8351355,168.0,103.0,0.854955,169.0,101.0,0.65168285,156.0,101.0,0.7952846,170.0,115.0,0.6801902,141.0,112.0,0.9356163,196.0,94.0,0.526296,155.0,87.0,0.6336451,213.0,64.0,0.6338917,166.0,59.0,0.8706231,140.0,179.0,0.80880016,120.0,181.0,0.8017881,175.0,205.0,0.83490497,158.0,211.0,0.7967991,157.0,247.0,0.81591886,144.0,251.0,0.7207968
guy3_chair105.jpg,126.0,106.0,0.82585806,130.0,101.0,0.6522416,125.0,100.0,0.7191653,143.0,100.0,0.75315297,131.0,100.0,0.6987164,158.0,113.0,0.77104247,131.0,116.0,0.4977662,146.0,83.0,0.73392195,104.0,92.0,0.77949405,132.0,58.0,0.7296309,87.0,62.0,0.7000692,181.0,183.0,0.81116104,163.0,180.0,0.69913673,143.0,209.0,0.78188086,125.0,206.0,0.7686974,157.0,248.0,0.87947035,142.0,246.0,0.8589019
guy3_chair105_flipped.jpg,173.0,107.0,0.4873635,175.0,101.0,0.8508967,168.0,101.0,0.80881023,169.0,100.0,0.60722876,156.0,99.0,0.79179156,169.0,116.0,0.5717476,141.0,113.0,0.79408675,196.0,94.0,0.659394,154.0,85.0,0.64712465,212.0,65.0,0.77997285,166.0,61.0,0.8420148,139.0,179.0,0.7060386,119.0,181.0,0.78331524,176.0,204.0,0.82582545,159.0,209.0,0.85729015,156.0,247.0,0.78991544,144.0,250.0,0.71849686
guy3_chair106.jpg,127.0,104.0,0.67663217,132.0,99.0,0.6675328,125.0,99.0,0.7757463,144.0,98.0,0.6322174,130.0,98.0,0.7889832,158.0,111.0,0.5493096,131.0,114.0,0.58777076,145.0,81.0,0.63363814,105.0,91.0,0.7147342,129.0,55.0,0.36636865,90.0,63.0,0.5047176,181.0,181.0,0.8500452,163.0,178.0,0.7684051,142.0,206.0,0.81358975,126.0,202.0,0.82783306,156.0,245.0,0.6622991,142.0,244.0,0.91176134
guy3_chair106_flipped.jpg,174.0,105.0,0.5875019,174.0,99.0,0.85995287,169.0,99.0,0.80065995,167.0,99.0,0.6748606,156.0,98.0,0.56473136,169.0,114.0,0.57210505,141.0,110.0,0.7137259,195.0,93.0,0.6321924,156.0,83.0,0.59102917,210.0,64.0,0.673159,168.0,56.0,0.6048646,138.0,177.0,0.6429439,118.0,179.0,0.79778063,175.0,201.0,0.86892974,159.0,206.0,0.8161584,156.0,246.0,0.764812,143.0,248.0,0.73240197
guy3_chair107.jpg,127.0,103.0,0.747843,131.0,98.0,0.7561303,125.0,98.0,0.5648427,143.0,97.0,0.82387835,130.0,97.0,0.4911417,156.0,108.0,0.70052373,129.0,111.0,0.5179727,143.0,77.0,0.5818843,106.0,91.0,0.6124127,128.0,53.0,0.3890696,87.0,59.0,0.44744214,182.0,179.0,0.7042202,161.0,177.0,0.6326697,142.0,204.0,0.78363234,126.0,202.0,0.80510783,156.0,244.0,0.6993933,143.0,243.0,0.9089901
guy3_chair107_flipped.jpg,173.0,104.0,0.7958199,174.0,98.0,0.75698054,168.0,97.0,0.7100892,166.0,97.0,0.58989775,156.0,97.0,0.66036755,168.0,111.0,0.6794692,140.0,109.0,0.93242687,194.0,92.0,0.6803187,157.0,81.0,0.6441493,210.0,60.0,0.64299977,167.0,56.0,0.6802333,137.0,176.0,0.5792825,117.0,178.0,0.7547947,174.0,200.0,0.86219096,159.0,205.0,0.6463347,155.0,244.0,0.81003666,143.0,247.0,0.7950223
guy3_chair108.jpg,126.0,101.0,0.660274,131.0,96.0,0.87216294,125.0,95.0,0.7046862,144.0,95.0,0.85013986,132.0,94.0,0.818004,157.0,109.0,0.7476053,133.0,109.0,0.54469883,143.0,77.0,0.6684073,106.0,89.0,0.8279238,127.0,50.0,0.48063037,87.0,58.0,0.5953547,182.0,180.0,0.84887844,165.0,177.0,0.75958675,141.0,203.0,0.87978435,126.0,201.0,0.80318546,156.0,243.0,0.8412913,144.0,240.0,0.6885078
guy3_chair108_flipped.jpg,173.0,101.0,0.64153385,174.0,96.0,0.8447088,168.0,95.0,0.8004308,167.0,95.0,0.6013577,156.0,94.0,0.71502846,168.0,109.0,0.6981672,141.0,106.0,0.7212025,194.0,91.0,0.7141913,157.0,79.0,0.50101316,212.0,60.0,0.6862531,171.0,51.0,0.6228281,136.0,174.0,0.6396587,117.0,176.0,0.81005526,174.0,199.0,0.8262141,158.0,203.0,0.61608815,155.0,243.0,0.7402282,142.0,246.0,0.7645965
guy3_chair109.jpg,127.0,100.0,0.7545509,131.0,95.0,0.797716,126.0,94.0,0.74424464,144.0,94.0,0.7118336,133.0,94.0,0.66940045,158.0,107.0,0.79541254,133.0,110.0,0.65212053,144.0,77.0,0.5872678,108.0,88.0,0.64562833,127.0,51.0,0.65977705,89.0,58.0,0.64488906,183.0,177.0,0.71159244,166.0,175.0,0.70254564,143.0,201.0,0.7706768,127.0,198.0,0.83163834,157.0,241.0,0.8058368,145.0,238.0,0.8867624
guy3_chair109_flipped.jpg,173.0,101.0,0.75524986,173.0,95.0,0.7537123,168.0,95.0,0.90599,166.0,94.0,0.6262949,156.0,93.0,0.7634527,168.0,108.0,0.77225685,140.0,106.0,0.7807976,193.0,90.0,0.7443371,154.0,85.0,0.32515562,210.0,60.0,0.8342892,170.0,52.0,0.7945595,135.0,173.0,0.7001879,116.0,175.0,0.831371,174.0,197.0,0.7155819,158.0,201.0,0.542187,154.0,241.0,0.82518166,143.0,244.0,0.8403441
guy3_chair110.jpg,127.0,99.0,0.75660694,132.0,94.0,0.7392232,126.0,93.0,0.63036895,144.0,94.0,0.71715236,133.0,93.0,0.7194072,157.0,105.0,0.5995643,133.0,108.0,0.59692836,145.0,77.0,0.5851095,108.0,87.0,0.52593267,127.0,50.0,0.59335375,89.0,58.0,0.60764945,182.0,177.0,0.75736237,166.0,174.0,0.7314897,142.0,200.0,0.84556484,127.0,198.0,0.7312691,157.0,239.0,0.8272594,144.0,237.0,0.79698026
guy3_chair110_flipped.jpg,171.0,100.0,0.43451536,173.0,95.0,0.56983906,167.0,94.0,0.4173144,168.0,94.0,0.25448284,156.0,92.0,0.534518,167.0,107.0,0.6451925,142.0,104.0,0.6672269,192.0,90.0,0.3202444,156.0,81.0,0.1926368,210.0,57.0,0.6186306,169.0,51.0,0.58599144,135.0,173.0,0.5753055,117.0,175.0,0.71855533,172.0,197.0,0.81355965,158.0,202.0,0.6934211,153.0,240.0,0.57225776,141.0,244.0,0.71416163
guy3_chair111.jpg,127.0,98.0,0.6851427,132.0,93.0,0.74285454,126.0,93.0,0.6864117,145.0,93.0,0.7251458,133.0,93.0,0.48572752,157.0,104.0,0.605804,133.0,109.0,0.48771325,146.0,79.0,0.44359392,107.0,86.0,0.31761718,130.0,49.0,0.36775473,91.0,58.0,0.38875565,182.0,174.0,0.7064408,164.0,171.0,0.7959076,143.0,198.0,0.78199965,127.0,195.0,0.6876236,157.0,239.0,0.7883724,144.0,236.0,0.82709825
guy3_chair111_flipped.jpg,171.0,98.0,0.63704085,172.0,92.0,0.5706076,167.0,92.0,0.829239,167.0,91.0,0.5754322,155.0,90.0,0.7389641,166.0,106.0,0.7374274,142.0,102.0,0.82681286,192.0,88.0,0.3910718,154.0,78.0,0.48853084,209.0,57.0,0.66840214,170.0,50.0,0.81229603,134.0,171.0,0.59006,115.0,173.0,0.8120689,173.0,194.0,0.85900736,158.0,198.0,0.6772709,153.0,238.0,0.7588935,142.0,242.0,0.78651357
guy3_chair112.jpg,128.0,97.0,0.73509455,132.0,91.0,0.7684519,127.0,92.0,0.8314634,145.0,90.0,0.6563686,135.0,92.0,0.5723021,159.0,103.0,0.77985775,136.0,107.0,0.6711119,145.0,77.0,0.62990737,110.0,87.0,0.41138387,129.0,48.0,0.5248387,95.0,58.0,0.38011408,184.0,174.0,0.82335734,167.0,172.0,0.6250934,144.0,197.0,0.7549775,129.0,195.0,0.6612979,159.0,237.0,0.71067524,146.0,235.0,0.8706952
guy3_chair112_flipped.jpg,171.0,97.0,0.5722036,172.0,92.0,0.6511924,167.0,91.0,0.7096708,168.0,92.0,0.35704783,155.0,90.0,0.60742366,166.0,105.0,0.48713896,141.0,103.0,0.53662896,192.0,84.0,0.30902347,156.0,78.0,0.26798496,209.0,55.0,0.61396563,169.0,50.0,0.5094663,133.0,169.0,0.5796619,116.0,172.0,0.6236224,171.0,194.0,0.7902566,157.0,197.0,0.51402193,152.0,238.0,0.6147667,140.0,242.0,0.6912863
guy3_chair113.jpg,129.0,96.0,0.6450668,134.0,90.0,0.74478054,127.0,90.0,0.55859375,145.0,89.0,0.44857293,133.0,90.0,0.39808115,158.0,103.0,0.74228096,133.0,105.0,0.6398187,144.0,73.0,0.63177764,107.0,83.0,0.357854,128.0,50.0,0.4344136,92.0,54.0,0.5067854,186.0,176.0,0.87041396,168.0,174.0,0.746871,145.0,197.0,0.80096114,129.0,194.0,0.4974623,161.0,238.0,0.7742107,147.0,236.0,0.7026463
guy3_chair113_flipped.jpg,170.0,96.0,0.65108365,172.0,91.0,0.46619213,167.0,91.0,0.7332792,168.0,91.0,0.22544746,155.0,88.0,0.61054754,163.0,106.0,0.56345236,141.0,103.0,0.48349568,190.0,84.0,0.4571865,155.0,74.0,0.3243593,207.0,56.0,0.5574199,169.0,49.0,0.5211598,133.0,168.0,0.5647727,115.0,171.0,0.7625769,170.0,192.0,0.76023984,156.0,196.0,0.5825062,151.0,236.0,0.5464214,139.0,239.0,0.7260734
guy3_chair114.jpg,129.0,96.0,0.6324398,134.0,91.0,0.65044355,129.0,90.0,0.5253556,147.0,90.0,0.6548047,137.0,90.0,0.48927805,161.0,103.0,0.73665774,137.0,105.0,0.6114266,147.0,75.0,0.58076054,110.0,85.0,0.48406458,129.0,48.0,0.5803882,95.0,58.0,0.2813298,187.0,174.0,0.8971415,169.0,172.0,0.7653065,145.0,195.0,0.8070439,129.0,193.0,0.6445373,160.0,236.0,0.809984,147.0,234.0,0.89436835
guy3_chair114_flipped.jpg,170.0,96.0,0.61290824,171.0,91.0,0.66713476,167.0,91.0,0.7050711,167.0,91.0,0.28026125,155.0,89.0,0.43123442,162.0,105.0,0.497604,140.0,103.0,0.58683074,189.0,86.0,0.33088288,156.0,73.0,0.32245493,207.0,55.0,0.43471462,169.0,49.0,0.5561688,131.0,168.0,0.475876,114.0,171.0,0.69456387,169.0,191.0,0.8314582,155.0,195.0,0.47109696,151.0,236.0,0.5610991,139.0,239.0,0.6242264
guy3_chair115.jpg,131.0,95.0,0.6672617,135.0,89.0,0.49031144,129.0,90.0,0.49400032,148.0,90.0,0.45948377,136.0,91.0,0.2742883,160.0,103.0,0.53510565,137.0,105.0,0.39582554,148.0,75.0,0.5148854,113.0,85.0,0.25513735,130.0,47.0,0.57137686,95.0,57.0,0.28985286,186.0,172.0,0.846997,168.0,169.0,0.5338013,146.0,193.0,0.7218094,131.0,192.0,0.6176789,161.0,236.0,0.75477165,148.0,235.0,0.7804476
guy3_chair115_flipped.jpg,169.0,96.0,0.6971283,170.0,91.0,0.69812334,166.0,90.0,0.81645805,162.0,89.0,0.3279797,153.0,88.0,0.5157299,160.0,103.0,0.5139004,139.0,101.0,0.67061603,186.0,85.0,0.31516042,153.0,75.0,0.4148736,205.0,55.0,0.54423803,169.0,47.0,0.5045629,130.0,166.0,0.44985926,112.0,170.0,0.77674043,168.0,191.0,0.86806715,154.0,195.0,0.5727289,150.0,235.0,0.6392504,138.0,238.0,0.6062733
guy3_chair116.jpg,131.0,94.0,0.5848392,136.0,89.0,0.7728115,130.0,89.0,0.5686302,149.0,88.0,0.7287874,137.0,89.0,0.49140108,161.0,101.0,0.5541869,136.0,101.0,0.5485279,146.0,74.0,0.48142645,112.0,82.0,0.5043764,130.0,46.0,0.45811322,95.0,50.0,0.52205974,189.0,172.0,0.80285305,171.0,171.0,0.8216799,146.0,193.0,0.78995,132.0,191.0,0.643502,162.0,235.0,0.7776373,149.0,232.0,0.79008925
guy3_chair116_flipped.jpg,168.0,97.0,0.5442884,170.0,91.0,0.76922286,165.0,90.0,0.5139266,165.0,91.0,0.27299228,152.0,87.0,0.31375685,161.0,105.0,0.4641693,138.0,103.0,0.6045561,187.0,83.0,0.5035726,154.0,73.0,0.3731806,205.0,53.0,0.48614368,168.0,47.0,0.42011884,130.0,167.0,0.49224466,112.0,170.0,0.5902505,167.0,189.0,0.8211042,153.0,193.0,0.48371178,149.0,234.0,0.42276078,138.0,237.0,0.64898896
guy3_chair117.jpg,132.0,94.0,0.5546845,137.0,89.0,0.6787892,131.0,89.0,0.41570836,150.0,88.0,0.55008554,137.0,89.0,0.17534137,161.0,103.0,0.53314865,139.0,104.0,0.4058646,150.0,75.0,0.31958076,115.0,83.0,0.39116493,131.0,46.0,0.439957,98.0,55.0,0.33048907,188.0,171.0,0.5982127,170.0,167.0,0.68065244,149.0,192.0,0.69492674,133.0,190.0,0.523519,163.0,236.0,0.67219794,150.0,233.0,0.47018778
guy3_chair117_flipped.jpg,167.0,94.0,0.58955246,169.0,90.0,0.6058638,163.0,89.0,0.5910959,164.0,89.0,0.206557,152.0,86.0,0.5409162,159.0,103.0,0.50374925,138.0,101.0,0.6112065,185.0,83.0,0.40166682,154.0,70.0,0.45933822,203.0,53.0,0.41834202,168.0,46.0,0.34770998,129.0,166.0,0.5596156,111.0,169.0,0.76591885,166.0,188.0,0.85492873,153.0,192.0,0.41172025,148.0,234.0,0.5626901,136.0,237.0,0.59223485
guy3_chair118.jpg,132.0,95.0,0.5069423,137.0,89.0,0.57479095,131.0,90.0,0.64768565,148.0,88.0,0.5349325,138.0,90.0,0.42366558,161.0,101.0,0.5828263,140.0,104.0,0.46921933,148.0,73.0,0.40588692,115.0,84.0,0.35589638,129.0,45.0,0.4657704,97.0,52.0,0.3940301,190.0,170.0,0.8410533,172.0,167.0,0.64965004,147.0,192.0,0.63323486,134.0,190.0,0.6984877,164.0,234.0,0.7598334,151.0,230.0,0.74434894
guy3_chair118_flipped.jpg,166.0,95.0,0.5903896,167.0,91.0,0.6202107,163.0,90.0,0.4757206,161.0,90.0,0.3330816,151.0,88.0,0.34389913,157.0,105.0,0.6630441,138.0,101.0,0.6382695,183.0,84.0,0.4010281,152.0,76.0,0.22997169,203.0,53.0,0.6353722,168.0,46.0,0.49719465,127.0,166.0,0.5282086,110.0,169.0,0.58530176,166.0,189.0,0.8325341,152.0,193.0,0.38572586,146.0,234.0,0.52015996,136.0,236.0,0.62233394
guy3_chair119.jpg,132.0,96.0,0.5566151,136.0,90.0,0.5955119,131.0,91.0,0.41002515,149.0,87.0,0.6591598,140.0,90.0,0.6462059,162.0,100.0,0.80301696,142.0,103.0,0.4958883,146.0,71.0,0.46444917,116.0,84.0,0.49358693,129.0,44.0,0.4366098,98.0,51.0,0.39525077,192.0,171.0,0.80890393,176.0,169.0,0.8008182,149.0,192.0,0.80346835,134.0,190.0,0.7988057,165.0,232.0,0.7432792,152.0,230.0,0.8512908
guy3_chair119_flipped.jpg,165.0,95.0,0.49379855,167.0,90.0,0.6820611,162.0,89.0,0.60599566,162.0,90.0,0.4032837,150.0,88.0,0.46376395,156.0,105.0,0.48363075,137.0,101.0,0.65151536,184.0,83.0,0.41635108,151.0,76.0,0.28838855,202.0,52.0,0.69446254,167.0,46.0,0.7026094,126.0,164.0,0.44829825,109.0,168.0,0.63410133,165.0,187.0,0.82919693,152.0,191.0,0.37523043,147.0,232.0,0.5234122,136.0,235.0,0.68033135
guy3_chair120.jpg,134.0,96.0,0.6260467,138.0,90.0,0.6074271,132.0,90.0,0.5162995,150.0,89.0,0.4945697,141.0,91.0,0.4401223,162.0,100.0,0.57200795,142.0,105.0,0.5105705,150.0,76.0,0.24794315,117.0,84.0,0.38063717,130.0,48.0,0.3610572,98.0,52.0,0.35413104,191.0,169.0,0.84748393,173.0,166.0,0.6320405,149.0,191.0,0.64225054,135.0,190.0,0.64431113,165.0,234.0,0.73691785,152.0,230.0,0.83481526
guy3_chair120_flipped.jpg,164.0,96.0,0.4404864,166.0,91.0,0.6268744,161.0,90.0,0.6289815,161.0,91.0,0.32432213,149.0,88.0,0.45368162,154.0,105.0,0.6126777,136.0,101.0,0.6168674,182.0,85.0,0.55702895,152.0,74.0,0.4076744,199.0,56.0,0.4797341,167.0,46.0,0.5934316,125.0,164.0,0.45776263,108.0,169.0,0.6222546,163.0,187.0,0.8008211,150.0,191.0,0.3719218,145.0,232.0,0.5432377,134.0,236.0,0.6781013
guy3_chair121.jpg,135.0,96.0,0.5559008,139.0,90.0,0.6217115,133.0,92.0,0.36845008,150.0,90.0,0.43020964,139.0,93.0,0.30612773,162.0,101.0,0.41692105,143.0,106.0,0.42512193,148.0,74.0,0.26261753,119.0,84.0,0.35737872,131.0,48.0,0.30919668,100.0,54.0,0.3534918,191.0,168.0,0.7515284,173.0,164.0,0.6352298,150.0,190.0,0.6587276,137.0,189.0,0.5465098,167.0,234.0,0.5413606,154.0,230.0,0.67365193
guy3_chair121_flipped.jpg,162.0,98.0,0.41293788,164.0,93.0,0.5260988,160.0,92.0,0.56290376,159.0,91.0,0.32734835,149.0,88.0,0.5774753,153.0,105.0,0.63758516,135.0,100.0,0.64078844,180.0,87.0,0.37255785,152.0,73.0,0.39829564,197.0,56.0,0.6249376,165.0,46.0,0.63676953,124.0,165.0,0.577508,108.0,168.0,0.6907536,162.0,187.0,0.7677965,151.0,190.0,0.40700418,144.0,232.0,0.48608458,133.0,237.0,0.57408
guy3_chair122.jpg,135.0,96.0,0.62488735,139.0,90.0,0.68637276,135.0,90.0,0.6521187,152.0,88.0,0.63936174,144.0,90.0,0.60722065,166.0,100.0,0.7187048,145.0,105.0,0.53546464,148.0,73.0,0.42757472,120.0,84.0,0.501209,132.0,47.0,0.4762541,101.0,54.0,0.5381156,196.0,171.0,0.830624,180.0,170.0,0.7881011,150.0,190.0,0.81080824,137.0,189.0,0.81726253,166.0,230.0,0.6740572,155.0,230.0,0.870913
guy3_chair122_flipped.jpg,162.0,98.0,0.5865994,163.0,93.0,0.47967064,159.0,92.0,0.58352757,158.0,92.0,0.30998912,148.0,89.0,0.47725797,154.0,104.0,0.4497303,135.0,100.0,0.5898107,180.0,86.0,0.5326854,151.0,72.0,0.42194983,198.0,54.0,0.5516249,166.0,46.0,0.6870558,124.0,166.0,0.5966347,107.0,168.0,0.69543815,162.0,187.0,0.7469688,150.0,191.0,0.43827793,143.0,231.0,0.484321,133.0,234.0,0.6777104
guy3_chair123.jpg,136.0,98.0,0.5042168,139.0,92.0,0.5658045,135.0,93.0,0.7088666,151.0,91.0,0.37604126,143.0,93.0,0.415336,165.0,102.0,0.5217485,145.0,106.0,0.51193976,151.0,76.0,0.40654978,122.0,87.0,0.4249577,133.0,49.0,0.5167743,103.0,54.0,0.27831972,195.0,170.0,0.90829486,178.0,167.0,0.53884065,151.0,190.0,0.6928427,138.0,190.0,0.7558516,168.0,231.0,0.8362511,155.0,229.0,0.8602712
guy3_chair123_flipped.jpg,161.0,97.0,0.39134014,162.0,92.0,0.6378075,159.0,91.0,0.6031643,158.0,91.0,0.39449418,147.0,88.0,0.5144312,152.0,105.0,0.6355251,133.0,100.0,0.704099,177.0,88.0,0.3279906,151.0,72.0,0.3773209,196.0,54.0,0.6080706,165.0,48.0,0.45658347,122.0,165.0,0.5724065,106.0,168.0,0.6039473,161.0,188.0,0.66635656,149.0,191.0,0.36068437,142.0,231.0,0.47416174,131.0,234.0,0.6455055
guy3_chair124.jpg,138.0,98.0,0.4859072,141.0,92.0,0.49070546,136.0,93.0,0.58346677,154.0,90.0,0.51610607,143.0,94.0,0.26707834,166.0,102.0,0.5368049,146.0,106.0,0.48570392,151.0,75.0,0.3184145,125.0,88.0,0.37076727,133.0,48.0,0.406586,104.0,56.0,0.27803794,195.0,170.0,0.67395055,179.0,166.0,0.74935186,152.0,190.0,0.6075648,139.0,188.0,0.6670029,169.0,232.0,0.6798152,157.0,231.0,0.8350576
guy3_chair124_flipped.jpg,161.0,96.0,0.64870155,163.0,91.0,0.5227684,159.0,90.0,0.5825312,159.0,91.0,0.27272403,148.0,88.0,0.56987166,152.0,105.0,0.48815963,133.0,101.0,0.6495397,177.0,83.0,0.4988256,150.0,72.0,0.432368,196.0,54.0,0.5597195,164.0,49.0,0.6896854,121.0,165.0,0.4912198,104.0,169.0,0.6353813,161.0,187.0,0.8150338,148.0,191.0,0.3426803,142.0,232.0,0.5853664,130.0,236.0,0.42655438
guy3_chair125.jpg,138.0,100.0,0.4940776,140.0,93.0,0.54727876,136.0,95.0,0.5467589,152.0,90.0,0.42160603,142.0,94.0,0.22483847,166.0,102.0,0.5928551,147.0,107.0,0.5157579,151.0,76.0,0.36767367,126.0,89.0,0.37204525,133.0,48.0,0.35467842,106.0,58.0,0.4556493,195.0,169.0,0.7693846,179.0,166.0,0.668877,153.0,190.0,0.61108935,140.0,189.0,0.6292887,169.0,232.0,0.65411556,157.0,231.0,0.68930256
guy3_chair125_flipped.jpg,159.0,100.0,0.5285301,161.0,95.0,0.707891,157.0,94.0,0.5963643,156.0,93.0,0.27896884,148.0,90.0,0.5617305,150.0,106.0,0.6425195,132.0,101.0,0.6325637,174.0,90.0,0.4612198,149.0,76.0,0.18969385,192.0,60.0,0.6713604,163.0,48.0,0.52593327,119.0,165.0,0.3934655,103.0,169.0,0.65333575,159.0,187.0,0.7693475,148.0,190.0,0.4270296,139.0,232.0,0.5391902,129.0,235.0,0.6375594
guy3_chair126.jpg,140.0,96.0,0.55798906,142.0,91.0,0.709169,138.0,93.0,0.5980301,153.0,90.0,0.67500305,145.0,94.0,0.43402585,165.0,103.0,0.8168025,149.0,106.0,0.47582084,152.0,77.0,0.4537472,124.0,88.0,0.460692,133.0,49.0,0.31294996,107.0,57.0,0.41229054,198.0,171.0,0.77478796,182.0,170.0,0.7448231,153.0,190.0,0.84640217,140.0,189.0,0.6965338,170.0,231.0,0.77975726,158.0,229.0,0.74566853
guy3_chair126_flipped.jpg,159.0,101.0,0.44799456,161.0,95.0,0.62450254,157.0,95.0,0.5510409,156.0,94.0,0.30099475,148.0,91.0,0.5106051,150.0,106.0,0.45443055,131.0,102.0,0.6367099,174.0,86.0,0.48584512,148.0,77.0,0.33459315,193.0,59.0,0.49648026,162.0,51.0,0.5846367,120.0,166.0,0.5232276,103.0,169.0,0.6597947,158.0,187.0,0.72705597,148.0,190.0,0.44298622,140.0,232.0,0.49502102,129.0,236.0,0.6863322
guy3_chair127.jpg,140.0,97.0,0.5324278,143.0,91.0,0.69828457,139.0,93.0,0.6001123,155.0,90.0,0.6161356,146.0,93.0,0.3311746,167.0,102.0,0.8178102,149.0,106.0,0.43997592,152.0,77.0,0.4177026,126.0,89.0,0.53397155,134.0,51.0,0.3426542,108.0,59.0,0.54342335,199.0,172.0,0.88400877,183.0,171.0,0.8461001,154.0,191.0,0.831715,141.0,190.0,0.64058733,171.0,232.0,0.83668756,159.0,230.0,0.74861825
guy3_chair127_flipped.jpg,158.0,98.0,0.5788746,160.0,93.0,0.4408755,156.0,92.0,0.6432981,155.0,93.0,0.26722196,145.0,89.0,0.35183477,148.0,106.0,0.6023564,131.0,102.0,0.68197155,172.0,91.0,0.3598197,148.0,76.0,0.48224825,191.0,61.0,0.61647856,161.0,51.0,0.53121895,119.0,167.0,0.5371827,103.0,169.0,0.66572785,158.0,188.0,0.7777939,148.0,191.0,0.45018813,137.0,233.0,0.46107662,128.0,236.0,0.6926484
guy3_chair128.jpg,141.0,98.0,0.67476106,144.0,92.0,0.74965495,141.0,93.0,0.7588008,157.0,89.0,0.57781917,148.0,92.0,0.57280517,170.0,103.0,0.69137174,151.0,106.0,0.69056076,153.0,78.0,0.5852711,128.0,90.0,0.6151185,137.0,52.0,0.47588158,110.0,60.0,0.5981544,200.0,172.0,0.6868841,184.0,171.0,0.5761599,155.0,191.0,0.8448238,142.0,190.0,0.85809344,171.0,230.0,0.68239397,160.0,229.0,0.8895864
guy3_chair128_flipped.jpg,158.0,99.0,0.59626496,159.0,94.0,0.4922713,155.0,93.0,0.37542927,154.0,94.0,0.23522192,144.0,91.0,0.39272842,147.0,108.0,0.56648546,130.0,104.0,0.67082965,172.0,87.0,0.47556096,147.0,77.0,0.42317978,189.0,59.0,0.42311683,159.0,54.0,0.51039815,118.0,167.0,0.54531825,102.0,170.0,0.6967616,157.0,188.0,0.8383126,146.0,191.0,0.29904258,137.0,232.0,0.45827317,127.0,235.0,0.45852837
guy3_chair129.jpg,143.0,98.0,0.41528365,146.0,93.0,0.5512278,141.0,94.0,0.5995437,157.0,92.0,0.4153297,147.0,94.0,0.16303147,169.0,105.0,0.61699617,151.0,109.0,0.4556414,155.0,80.0,0.28053963,126.0,89.0,0.35385886,134.0,52.0,0.34621823,111.0,60.0,0.39233157,199.0,172.0,0.7912687,183.0,169.0,0.73603565,156.0,190.0,0.6633631,143.0,190.0,0.5756465,173.0,232.0,0.5952696,160.0,230.0,0.77445906
guy3_chair129_flipped.jpg,157.0,101.0,0.59111494,158.0,96.0,0.40771422,155.0,95.0,0.62622404,154.0,95.0,0.2798871,143.0,92.0,0.34256038,147.0,108.0,0.54725456,130.0,104.0,0.6494963,173.0,89.0,0.3796659,149.0,76.0,0.5164889,189.0,61.0,0.53077245,161.0,52.0,0.5178158,118.0,168.0,0.484275,102.0,171.0,0.7326177,157.0,189.0,0.7988785,145.0,193.0,0.3169025,136.0,234.0,0.37507722,127.0,237.0,0.5090141
guy3_chair130.jpg,142.0,100.0,0.55854225,145.0,94.0,0.6796675,141.0,94.0,0.7120372,157.0,92.0,0.47350526,150.0,93.0,0.4421251,170.0,104.0,0.7575155,151.0,109.0,0.6513144,153.0,79.0,0.31127125,127.0,89.0,0.49897012,135.0,52.0,0.48481777,112.0,62.0,0.4541304,201.0,174.0,0.5321531,185.0,173.0,0.6653738,156.0,191.0,0.6445286,142.0,190.0,0.6937822,174.0,232.0,0.72577584,162.0,232.0,0.8714478
guy3_chair130_flipped.jpg,157.0,101.0,0.5687963,158.0,96.0,0.58681655,155.0,95.0,0.5926106,152.0,95.0,0.2171315,145.0,93.0,0.59330213,146.0,109.0,0.5621029,129.0,105.0,0.5836016,171.0,89.0,0.4298993,148.0,79.0,0.30909377,189.0,62.0,0.31841257,162.0,51.0,0.59467363,116.0,168.0,0.4019355,102.0,171.0,0.7320373,155.0,190.0,0.64087355,145.0,192.0,0.4435826,134.0,234.0,0.53939474,127.0,237.0,0.61667395
guy3_chair131.jpg,143.0,99.0,0.43768138,147.0,94.0,0.4129545,142.0,94.0,0.6893426,159.0,93.0,0.5308905,150.0,95.0,0.42084107,171.0,105.0,0.5862584,152.0,110.0,0.48568618,155.0,81.0,0.35072166,129.0,92.0,0.4232357,136.0,56.0,0.43528387,113.0,63.0,0.45020872,201.0,174.0,0.8867578,183.0,171.0,0.59244984,154.0,192.0,0.7632084,143.0,191.0,0.646937,174.0,233.0,0.8322365,162.0,230.0,0.86530405
guy3_chair131_flipped.jpg,156.0,104.0,0.5559802,157.0,99.0,0.54557943,154.0,98.0,0.52787554,152.0,97.0,0.29800007,144.0,93.0,0.49436003,145.0,111.0,0.680151,128.0,106.0,0.5673238,169.0,91.0,0.48001704,147.0,80.0,0.49756625,187.0,65.0,0.5498734,162.0,52.0,0.4850232,115.0,169.0,0.3500965,100.0,173.0,0.65371287,155.0,191.0,0.7038192,144.0,192.0,0.40730512,134.0,234.0,0.52563995,126.0,236.0,0.45814112
guy3_chair132.jpg,144.0,101.0,0.5604289,147.0,95.0,0.7108381,142.0,97.0,0.5913803,159.0,95.0,0.710957,150.0,96.0,0.39033148,172.0,106.0,0.799844,152.0,110.0,0.49348593,157.0,82.0,0.45554873,131.0,92.0,0.4908364,136.0,56.0,0.48055354,115.0,65.0,0.35952246,201.0,175.0,0.81479913,186.0,173.0,0.79387367,155.0,193.0,0.7658722,144.0,192.0,0.75456464,174.0,234.0,0.5866051,162.0,232.0,0.7884102
guy3_chair132_flipped.jpg,156.0,105.0,0.5542902,157.0,100.0,0.6009536,154.0,99.0,0.54136646,151.0,98.0,0.23192424,142.0,95.0,0.40979525,145.0,112.0,0.56957376,128.0,108.0,0.5502573,169.0,91.0,0.4162285,145.0,82.0,0.5090197,187.0,65.0,0.53716004,162.0,54.0,0.6184624,115.0,170.0,0.40089858,100.0,173.0,0.7247083,155.0,191.0,0.71354175,145.0,194.0,0.47134733,135.0,235.0,0.5229503,125.0,238.0,0.46937922
guy3_chair133.jpg,143.0,103.0,0.6481575,146.0,97.0,0.6057688,143.0,98.0,0.62682265,158.0,93.0,0.6145487,152.0,96.0,0.6718195,173.0,108.0,0.62123096,154.0,110.0,0.5387027,154.0,81.0,0.52448225,130.0,91.0,0.6400591,135.0,55.0,0.5074383,113.0,65.0,0.5642724,203.0,176.0,0.67985976,187.0,175.0,0.6750346,155.0,194.0,0.7422886,144.0,194.0,0.7743931,174.0,234.0,0.6645746,162.0,233.0,0.8749697
guy3_chair133_flipped.jpg,155.0,106.0,0.5362978,157.0,101.0,0.5885116,153.0,100.0,0.58152294,151.0,99.0,0.25323108,142.0,96.0,0.5902885,144.0,111.0,0.6442683,127.0,109.0,0.5831995,169.0,92.0,0.44031712,142.0,84.0,0.34981236,186.0,65.0,0.62030816,160.0,56.0,0.52281654,113.0,171.0,0.46371493,100.0,174.0,0.7408246,154.0,192.0,0.7453486,145.0,194.0,0.4598856,133.0,236.0,0.38133729,124.0,239.0,0.50045913
guy3_chair134.jpg,144.0,103.0,0.58261716,147.0,97.0,0.64007145,143.0,98.0,0.47467345,159.0,95.0,0.66331506,151.0,98.0,0.48835933,172.0,107.0,0.82750636,153.0,112.0,0.69073975,155.0,84.0,0.44269055,131.0,93.0,0.5371494,137.0,59.0,0.35421404,114.0,66.0,0.5171881,202.0,176.0,0.7452791,188.0,175.0,0.85789484,156.0,194.0,0.7540668,145.0,194.0,0.7724219,175.0,234.0,0.6419543,164.0,233.0,0.8224659
guy3_chair134_flipped.jpg,155.0,106.0,0.61396086,156.0,101.0,0.46141094,152.0,100.0,0.33933553,150.0,100.0,0.18550302,140.0,97.0,0.39566943,143.0,113.0,0.6322215,126.0,109.0,0.5961026,168.0,93.0,0.41075295,141.0,85.0,0.34232524,186.0,66.0,0.7262064,160.0,58.0,0.45685542,114.0,172.0,0.5417613,99.0,174.0,0.68430924,154.0,192.0,0.8201932,144.0,194.0,0.34887162,134.0,236.0,0.47154328,123.0,239.0,0.5632464
guy3_chair135.jpg,144.0,105.0,0.6229278,146.0,99.0,0.5639118,143.0,100.0,0.5769353,158.0,95.0,0.68278575,152.0,97.0,0.5220344,172.0,108.0,0.88046366,155.0,111.0,0.715945,154.0,83.0,0.44780383,132.0,95.0,0.6831881,138.0,59.0,0.35758424,116.0,67.0,0.5426044,203.0,177.0,0.90075916,189.0,177.0,0.83762634,157.0,196.0,0.73648804,145.0,196.0,0.75134563,175.0,235.0,0.66557217,164.0,234.0,0.82744294
guy3_chair135_flipped.jpg,155.0,107.0,0.59774077,156.0,102.0,0.5621861,152.0,101.0,0.597994,150.0,100.0,0.29338744,142.0,97.0,0.5921006,143.0,112.0,0.62632257,125.0,109.0,0.64493626,165.0,96.0,0.39908174,144.0,85.0,0.3966826,185.0,68.0,0.69759464,159.0,60.0,0.41017202,113.0,172.0,0.46649566,99.0,175.0,0.7475265,154.0,192.0,0.6281582,145.0,196.0,0.41220036,134.0,237.0,0.438043,124.0,240.0,0.49446943
guy3_chair136.jpg,144.0,104.0,0.5552161,148.0,98.0,0.5788442,144.0,99.0,0.5017446,160.0,96.0,0.6692201,152.0,98.0,0.45663378,172.0,108.0,0.8081828,154.0,112.0,0.586483,155.0,85.0,0.3151239,131.0,94.0,0.5109427,136.0,57.0,0.33501914,116.0,67.0,0.34261805,203.0,175.0,0.8668718,186.0,173.0,0.70491034,158.0,195.0,0.75842535,146.0,194.0,0.8619497,176.0,236.0,0.8088527,164.0,234.0,0.61722314
guy3_chair136_flipped.jpg,154.0,108.0,0.62458026,155.0,103.0,0.44816804,152.0,102.0,0.4090129,149.0,101.0,0.21409208,141.0,98.0,0.5558287,143.0,114.0,0.6570207,126.0,110.0,0.6546408,165.0,97.0,0.46117127,145.0,84.0,0.36272982,184.0,69.0,0.5268496,161.0,58.0,0.44102013,114.0,173.0,0.4480759,98.0,176.0,0.73507214,153.0,194.0,0.81242454,143.0,197.0,0.3591966,134.0,238.0,0.5668558,124.0,241.0,0.61330104
guy3_chair137.jpg,146.0,104.0,0.51289773,149.0,99.0,0.6283894,144.0,99.0,0.43615484,161.0,98.0,0.5320796,151.0,99.0,0.17885368,172.0,110.0,0.56190664,155.0,113.0,0.3511457,155.0,85.0,0.22052313,133.0,94.0,0.29047146,138.0,60.0,0.25223434,117.0,67.0,0.41312876,201.0,176.0,0.7528939,185.0,173.0,0.6153703,158.0,196.0,0.5650209,146.0,195.0,0.67509997,176.0,239.0,0.7104418,164.0,238.0,0.73172987
guy3_chair137_flipped.jpg,154.0,106.0,0.59866595,154.0,102.0,0.36609033,150.0,101.0,0.48273623,148.0,100.0,0.29832888,139.0,98.0,0.43918166,143.0,114.0,0.6342974,125.0,109.0,0.70100605,165.0,96.0,0.38252658,145.0,84.0,0.2866467,183.0,70.0,0.63361824,160.0,59.0,0.49080372,113.0,173.0,0.45809633,98.0,176.0,0.74516153,153.0,194.0,0.85831016,143.0,197.0,0.31791744,133.0,239.0,0.48938558,124.0,242.0,0.57067764
guy3_chair138.jpg,146.0,103.0,0.5220885,149.0,98.0,0.59645414,144.0,99.0,0.52886516,161.0,97.0,0.56280804,152.0,98.0,0.19110651,172.0,108.0,0.64907885,154.0,112.0,0.47842544,156.0,84.0,0.25244167,133.0,94.0,0.30309767,138.0,59.0,0.22164649,116.0,68.0,0.36475676,202.0,175.0,0.7043296,186.0,173.0,0.70650554,160.0,197.0,0.6230186,147.0,196.0,0.51353645,177.0,240.0,0.5940887,165.0,239.0,0.6465626
guy3_chair138_flipped.jpg,153.0,107.0,0.6144291,154.0,102.0,0.5007342,151.0,101.0,0.39294687,148.0,100.0,0.41485146,141.0,98.0,0.45002282,142.0,113.0,0.66019,126.0,109.0,0.64651644,166.0,95.0,0.44246766,146.0,84.0,0.35410264,182.0,70.0,0.6627979,161.0,58.0,0.50436246,114.0,173.0,0.51379246,99.0,176.0,0.73520494,152.0,195.0,0.78707945,141.0,199.0,0.3769542,133.0,240.0,0.5034479,124.0,243.0,0.4264513
guy3_chair139.jpg,147.0,102.0,0.54495656,151.0,97.0,0.6269916,146.0,97.0,0.50784516,163.0,95.0,0.7060647,154.0,97.0,0.5135757,174.0,106.0,0.6910229,155.0,111.0,0.6447269,157.0,83.0,0.41160402,134.0,92.0,0.4193314,140.0,59.0,0.38503984,119.0,68.0,0.44097885,203.0,174.0,0.9003607,187.0,173.0,0.8507785,159.0,199.0,0.8093143,146.0,197.0,0.7107129,177.0,241.0,0.7680721,165.0,239.0,0.80889964
guy3_chair139_flipped.jpg,151.0,106.0,0.6388521,152.0,101.0,0.38434932,148.0,100.0,0.4827487,147.0,99.0,0.35171592,138.0,96.0,0.4895453,142.0,112.0,0.514041,124.0,108.0,0.7040978,164.0,94.0,0.33908752,143.0,83.0,0.5131937,182.0,68.0,0.62828755,158.0,57.0,0.43478206,113.0,172.0,0.39304575,98.0,176.0,0.72459567,152.0,196.0,0.728857,142.0,199.0,0.3728399,132.0,241.0,0.4684947,123.0,244.0,0.609232
guy3_chair140.jpg,147.0,100.0,0.5676473,150.0,95.0,0.6377486,146.0,95.0,0.72922754,163.0,93.0,0.65304637,154.0,94.0,0.43353996,174.0,104.0,0.7367246,154.0,108.0,0.60062397,158.0,79.0,0.40489087,133.0,91.0,0.4524738,139.0,57.0,0.52134025,119.0,65.0,0.42269346,201.0,174.0,0.7836505,185.0,172.0,0.66153085,158.0,199.0,0.7814648,147.0,199.0,0.8115161,176.0,241.0,0.7731237,165.0,239.0,0.7564765
guy3_chair140_flipped.jpg,149.0,101.0,0.5164791,150.0,96.0,0.6582792,146.0,95.0,0.3970003,145.0,95.0,0.25321266,136.0,93.0,0.5063051,142.0,110.0,0.59925365,124.0,107.0,0.6710763,163.0,93.0,0.34399655,142.0,81.0,0.46264696,181.0,66.0,0.56711674,158.0,56.0,0.43227246,116.0,171.0,0.4220761,100.0,174.0,0.6818943,153.0,197.0,0.738444,142.0,200.0,0.44690207,132.0,241.0,0.43832844,124.0,244.0,0.42252463
guy3_chair141.jpg,149.0,96.0,0.55076003,153.0,91.0,0.5177407,148.0,92.0,0.63015044,165.0,91.0,0.4604996,155.0,92.0,0.38753083,175.0,104.0,0.77365303,157.0,107.0,0.48588407,162.0,81.0,0.38220897,136.0,91.0,0.49525136,142.0,56.0,0.3516746,120.0,64.0,0.3968965,201.0,173.0,0.7869943,184.0,172.0,0.78935975,160.0,202.0,0.8515634,147.0,199.0,0.72666144,176.0,244.0,0.6266853,167.0,242.0,0.71534616
guy3_chair141_flipped.jpg,148.0,99.0,0.36753818,148.0,94.0,0.51795727,145.0,93.0,0.6055496,144.0,93.0,0.37614465,135.0,91.0,0.64656883,141.0,109.0,0.43585742,122.0,105.0,0.69146883,163.0,91.0,0.38730818,142.0,79.0,0.5315521,178.0,65.0,0.5137613,156.0,54.0,0.330397,116.0,172.0,0.5048311,101.0,174.0,0.6476437,152.0,198.0,0.7095655,141.0,202.0,0.33234623,132.0,243.0,0.42434433,124.0,245.0,0.4269745
guy3_chair142.jpg,151.0,93.0,0.6100819,155.0,88.0,0.68131006,149.0,88.0,0.5150851,168.0,88.0,0.62818646,157.0,88.0,0.43339926,178.0,102.0,0.6795692,156.0,105.0,0.6867343,161.0,79.0,0.43536353,136.0,87.0,0.57116926,142.0,53.0,0.42767215,120.0,63.0,0.4713301,199.0,172.0,0.88277763,181.0,171.0,0.6767714,159.0,202.0,0.8511384,146.0,200.0,0.7332066,176.0,245.0,0.57160544,166.0,243.0,0.6818446
guy3_chair142_flipped.jpg,147.0,97.0,0.47025472,147.0,92.0,0.5700554,144.0,91.0,0.3735614,142.0,92.0,0.22508794,133.0,91.0,0.38657624,141.0,107.0,0.47626463,122.0,104.0,0.6565609,164.0,88.0,0.5210867,141.0,78.0,0.3506428,178.0,64.0,0.45408502,156.0,54.0,0.5556768,118.0,171.0,0.49360573,103.0,173.0,0.7012837,154.0,200.0,0.63159794,141.0,203.0,0.444782,131.0,245.0,0.48025772,124.0,247.0,0.37860477
guy3_chair143.jpg,152.0,89.0,0.5778755,157.0,84.0,0.5841877,152.0,84.0,0.607811,171.0,86.0,0.67683685,160.0,85.0,0.47903866,180.0,101.0,0.5541687,157.0,103.0,0.6955686,160.0,77.0,0.49287343,137.0,84.0,0.48095903,143.0,52.0,0.54453623,123.0,60.0,0.42406043,199.0,172.0,0.7121403,181.0,172.0,0.7656398,158.0,204.0,0.83131737,146.0,200.0,0.8043949,177.0,245.0,0.68587494,168.0,244.0,0.77130824
guy3_chair143_flipped.jpg,144.0,92.0,0.39762166,144.0,87.0,0.58429015,142.0,86.0,0.489206,139.0,88.0,0.29375404,130.0,87.0,0.62836134,139.0,104.0,0.34800693,120.0,101.0,0.5298481,159.0,87.0,0.39181733,140.0,76.0,0.4891252,177.0,62.0,0.4943327,156.0,52.0,0.64007545,118.0,168.0,0.39718795,104.0,171.0,0.6549424,153.0,200.0,0.66343117,143.0,204.0,0.683967,131.0,245.0,0.48599133,123.0,247.0,0.5320325
guy3_chair144.jpg,154.0,88.0,0.5523814,158.0,83.0,0.57900584,154.0,82.0,0.6545809,173.0,85.0,0.65702397,164.0,84.0,0.64470506,180.0,99.0,0.7656281,160.0,100.0,0.5140508,161.0,76.0,0.41755205,139.0,83.0,0.5889181,146.0,52.0,0.6672007,125.0,60.0,0.54935277,197.0,172.0,0.8434689,180.0,172.0,0.8371545,155.0,206.0,0.6759298,145.0,202.0,0.7864243,177.0,246.0,0.7304107,167.0,244.0,0.69506335
guy3_chair144_flipped.jpg,145.0,90.0,0.49288273,145.0,86.0,0.5237932,142.0,85.0,0.5641694,141.0,86.0,0.29096267,131.0,85.0,0.63164544,139.0,102.0,0.43468434,120.0,100.0,0.63011694,159.0,85.0,0.3113336,140.0,75.0,0.36640096,176.0,60.0,0.349888,154.0,50.0,0.54730797,121.0,168.0,0.47885448,106.0,170.0,0.4738395,155.0,202.0,0.66362536,144.0,205.0,0.6261964,132.0,246.0,0.4291208,124.0,248.0,0.58609736
guy3_chair145.jpg,154.0,86.0,0.5851224,159.0,81.0,0.6551503,154.0,80.0,0.6635782,173.0,82.0,0.64738625,164.0,81.0,0.58307195,180.0,96.0,0.65104246,162.0,99.0,0.4815253,160.0,72.0,0.4275892,143.0,83.0,0.43290555,147.0,50.0,0.5714504,126.0,58.0,0.46109545,195.0,171.0,0.85955393,177.0,170.0,0.84603715,155.0,206.0,0.71283144,145.0,203.0,0.84385407,177.0,248.0,0.78296643,166.0,247.0,0.6780393
guy3_chair145_flipped.jpg,144.0,90.0,0.47086772,145.0,85.0,0.5308588,142.0,85.0,0.55271554,140.0,84.0,0.28980607,131.0,83.0,0.51247597,136.0,101.0,0.5224602,119.0,98.0,0.6346776,159.0,82.0,0.46373364,138.0,73.0,0.40717915,174.0,56.0,0.427022,153.0,49.0,0.6381736,121.0,168.0,0.42324612,108.0,170.0,0.617808,154.0,203.0,0.502203,144.0,205.0,0.56781745,132.0,246.0,0.5038824,123.0,249.0,0.5882621
guy3_chair146.jpg,155.0,86.0,0.4904186,159.0,81.0,0.61282223,155.0,80.0,0.6374963,173.0,82.0,0.535668,166.0,81.0,0.44960177,181.0,97.0,0.78009194,163.0,101.0,0.6366675,160.0,71.0,0.42001122,143.0,82.0,0.42230186,147.0,46.0,0.6558064,127.0,57.0,0.36898395,193.0,169.0,0.85984087,176.0,170.0,0.79807854,155.0,207.0,0.80887866,144.0,205.0,0.787772,177.0,250.0,0.7693365,166.0,248.0,0.80350477
guy3_chair146_flipped.jpg,140.0,84.0,0.4254411,141.0,80.0,0.46321866,137.0,80.0,0.46340063,136.0,80.0,0.25237024,127.0,80.0,0.55721354,134.0,99.0,0.40554067,117.0,95.0,0.6840062,158.0,79.0,0.39756238,137.0,68.0,0.40103164,172.0,53.0,0.38354465,152.0,44.0,0.6313037,123.0,167.0,0.5017041,109.0,169.0,0.68274546,155.0,204.0,0.6830356,145.0,206.0,0.5456655,131.0,248.0,0.48629656,123.0,251.0,0.49616393
guy3_chair147.jpg,156.0,81.0,0.52538633,161.0,76.0,0.53419864,157.0,76.0,0.6710198,174.0,78.0,0.54291415,168.0,78.0,0.6968215,180.0,93.0,0.83172786,162.0,96.0,0.7274512,166.0,70.0,0.2001338,140.0,78.0,0.6399962,150.0,45.0,0.640869,128.0,52.0,0.3965272,191.0,169.0,0.83166224,174.0,169.0,0.8267983,153.0,208.0,0.74209404,143.0,205.0,0.8611257,177.0,249.0,0.85524917,167.0,247.0,0.696793
guy3_chair147_flipped.jpg,140.0,82.0,0.51646686,139.0,78.0,0.6797582,137.0,77.0,0.61415565,134.0,78.0,0.36180362,126.0,79.0,0.49797148,136.0,97.0,0.42244676,117.0,94.0,0.63217837,156.0,77.0,0.35344452,136.0,69.0,0.32837903,171.0,51.0,0.5375792,150.0,43.0,0.57385373,124.0,167.0,0.5008587,110.0,168.0,0.67350984,156.0,204.0,0.58273625,146.0,207.0,0.54397637,131.0,249.0,0.5087732,124.0,251.0,0.59954023
guy3_chair148.jpg,155.0,83.0,0.57938635,160.0,77.0,0.5921167,157.0,78.0,0.7002538,173.0,78.0,0.7011243,167.0,79.0,0.65563685,181.0,92.0,0.76474804,162.0,97.0,0.6093674,167.0,67.0,0.34956688,140.0,75.0,0.6914177,152.0,41.0,0.74022627,128.0,48.0,0.5713858,190.0,167.0,0.85255325,172.0,168.0,0.82235384,155.0,209.0,0.8303665,142.0,207.0,0.91825277,177.0,250.0,0.8286923,166.0,248.0,0.6221093
guy3_chair148_flipped.jpg,140.0,82.0,0.48451737,139.0,77.0,0.5487262,137.0,77.0,0.5866323,132.0,78.0,0.30144075,126.0,78.0,0.5756024,133.0,98.0,0.566179,116.0,95.0,0.73262954,154.0,77.0,0.2909251,135.0,64.0,0.41942218,169.0,47.0,0.40520766,148.0,39.0,0.60379946,125.0,165.0,0.48544163,111.0,166.0,0.58397615,156.0,206.0,0.6064191,145.0,208.0,0.43660292,132.0,251.0,0.53406227,122.0,253.0,0.59758747
guy3_chair149.jpg,157.0,79.0,0.42502883,162.0,75.0,0.44264203,157.0,76.0,0.51478004,173.0,76.0,0.5791265,166.0,77.0,0.51755387,181.0,90.0,0.8347267,161.0,93.0,0.53938514,167.0,63.0,0.35491356,140.0,72.0,0.61948186,154.0,37.0,0.6037985,129.0,43.0,0.51329947,188.0,166.0,0.86197627,171.0,167.0,0.81141067,155.0,210.0,0.85378104,142.0,208.0,0.8357371,176.0,252.0,0.80764246,165.0,249.0,0.871467
guy3_chair149_flipped.jpg,140.0,84.0,0.39750487,140.0,79.0,0.4627312,137.0,79.0,0.47513178,134.0,79.0,0.30316114,126.0,78.0,0.5513701,135.0,97.0,0.507459,116.0,93.0,0.6020775,157.0,75.0,0.35221848,132.0,66.0,0.23876366,168.0,47.0,0.76741743,146.0,38.0,0.3301521,127.0,166.0,0.56200635,113.0,167.0,0.6550492,156.0,207.0,0.74513555,145.0,209.0,0.45446873,132.0,252.0,0.5459744,122.0,255.0,0.5009347
guy3_chair150.jpg,159.0,78.0,0.51725507,163.0,72.0,0.5028999,159.0,72.0,0.5907251,175.0,73.0,0.61335826,167.0,73.0,0.4445448,182.0,89.0,0.6099589,163.0,91.0,0.6567513,168.0,63.0,0.6023459,143.0,71.0,0.69252765,158.0,35.0,0.3838927,132.0,45.0,0.5516517,187.0,165.0,0.84178007,171.0,166.0,0.7887024,155.0,211.0,0.866356,141.0,208.0,0.9233401,175.0,253.0,0.6448779,166.0,249.0,0.8059558
guy3_chair150_flipped.jpg,139.0,80.0,0.43048686,139.0,76.0,0.597576,136.0,76.0,0.61076736,134.0,76.0,0.24291457,125.0,75.0,0.49825585,136.0,93.0,0.5087091,117.0,90.0,0.4794328,157.0,71.0,0.32763803,132.0,63.0,0.33580586,166.0,44.0,0.6879637,143.0,36.0,0.3490026,130.0,164.0,0.56377816,115.0,165.0,0.62770236,156.0,208.0,0.6484369,146.0,210.0,0.4496163,132.0,252.0,0.4616144,123.0,255.0,0.6534522
guy3_chair151.jpg,157.0,79.0,0.5628973,161.0,74.0,0.5638498,158.0,73.0,0.68715346,173.0,74.0,0.5885219,168.0,74.0,0.5649555,182.0,91.0,0.6955929,163.0,91.0,0.5350758,168.0,60.0,0.38377604,145.0,69.0,0.4098258,159.0,33.0,0.52185965,134.0,40.0,0.6540476,185.0,165.0,0.73104197,169.0,166.0,0.85812366,153.0,211.0,0.74408937,140.0,209.0,0.9106822,176.0,255.0,0.88914555,164.0,251.0,0.82741386
guy3_chair151_flipped.jpg,140.0,81.0,0.48009682,139.0,76.0,0.47499627,137.0,76.0,0.60757864,132.0,76.0,0.34753078,127.0,75.0,0.55994874,135.0,94.0,0.48428413,117.0,91.0,0.68850356,153.0,72.0,0.44119516,131.0,61.0,0.26910424,162.0,44.0,0.57947755,139.0,35.0,0.49430707,130.0,164.0,0.6424218,115.0,165.0,0.61284137,156.0,208.0,0.51436585,146.0,211.0,0.55805564,132.0,253.0,0.54469633,123.0,256.0,0.6889601
guy3_chair152.jpg,157.0,79.0,0.5632871,161.0,73.0,0.5429325,159.0,73.0,0.60685647,174.0,73.0,0.6343843,170.0,73.0,0.47319683,182.0,90.0,0.7234366,164.0,91.0,0.8485595,170.0,59.0,0.5527966,146.0,68.0,0.55355066,163.0,31.0,0.35433698,137.0,36.0,0.7021268,185.0,164.0,0.7881192,169.0,165.0,0.78161335,154.0,212.0,0.85617316,142.0,210.0,0.7495282,176.0,256.0,0.8939684,165.0,252.0,0.6758058
guy3_chair152_flipped.jpg,139.0,80.0,0.5563685,138.0,75.0,0.7114258,136.0,75.0,0.65013146,132.0,75.0,0.48046997,126.0,75.0,0.6644099,134.0,93.0,0.6684073,117.0,90.0,0.7399708,153.0,69.0,0.4037919,130.0,59.0,0.36364645,160.0,40.0,0.58026785,135.0,35.0,0.6180966,131.0,164.0,0.6874127,116.0,164.0,0.6520076,157.0,208.0,0.63361037,145.0,211.0,0.6613934,132.0,253.0,0.5794346,124.0,257.0,0.7244543
guy3_chair153.jpg,158.0,77.0,0.4687882,161.0,72.0,0.60524565,159.0,71.0,0.5987501,174.0,73.0,0.71800697,169.0,73.0,0.56581914,182.0,89.0,0.8230031,164.0,91.0,0.6259903,171.0,57.0,0.4490633,147.0,70.0,0.40653282,164.0,29.0,0.6130886,139.0,37.0,0.6666236,183.0,164.0,0.7808404,168.0,165.0,0.8395963,154.0,213.0,0.8750496,142.0,212.0,0.7889163,177.0,258.0,0.8529064,164.0,253.0,0.7963067
guy3_chair153_flipped.jpg,138.0,80.0,0.45023364,137.0,75.0,0.5031465,135.0,75.0,0.5776124,131.0,75.0,0.40870932,126.0,74.0,0.5708438,134.0,93.0,0.594642,117.0,90.0,0.65797466,150.0,68.0,0.28631765,128.0,58.0,0.58748746,159.0,39.0,0.6925945,132.0,33.0,0.42880905,133.0,164.0,0.68818396,118.0,164.0,0.6650226,156.0,210.0,0.706692,146.0,212.0,0.53483355,132.0,255.0,0.41873953,124.0,258.0,0.7127949
