guy3_cobra025.jpg,222.0,136.0,0.56347656,224.0,131.0,0.3456108,218.0,131.0,0.47999153,218.0,125.0,0.22093101,202.0,126.0,0.32229158,204.0,122.0,0.3162946,179.0,131.0,0.35252723,202.0,138.0,0.37108287,140.0,128.0,0.3166748,204.0,149.0,0.38414702,153.0,160.0,0.5694965,154.0,118.0,0.49400386,139.0,123.0,0.39973053,123.0,104.0,0.33990335,107.0,115.0,0.5006076,100.0,94.0,0.4822158,84.0,99.0,0.44693324
guy3_cobra025_flipped.jpg,78.0,136.0,0.6498754,82.0,131.0,0.74500287,76.0,131.0,0.60287106,98.0,124.0,0.81486565,83.0,124.0,0.37570056,120.0,128.0,0.41011277,93.0,122.0,0.58081174,161.0,124.0,0.62869126,97.0,120.0,0.24656093,147.0,159.0,0.49691933,92.0,144.0,0.4306136,160.0,122.0,0.7238705,144.0,114.0,0.4618961,187.0,115.0,0.47879922,171.0,106.0,0.6233419,216.0,98.0,0.52243483,191.0,93.0,0.469322
guy3_cobra026.jpg,220.0,136.0,0.6942637,222.0,130.0,0.341931,216.0,129.0,0.48116368,215.0,124.0,0.26495275,199.0,125.0,0.4110971,201.0,124.0,0.40104696,177.0,130.0,0.3222785,198.0,138.0,0.37021407,138.0,127.0,0.4072735,204.0,150.0,0.45967442,150.0,161.0,0.5533383,150.0,116.0,0.5842618,136.0,123.0,0.43831968,126.0,106.0,0.48417103,107.0,115.0,0.42948377,100.0,95.0,0.5928947,86.0,100.0,0.4187567
guy3_cobra026_flipped.jpg,80.0,136.0,0.78156924,85.0,130.0,0.649157,78.0,130.0,0.5829693,100.0,123.0,0.7214641,85.0,123.0,0.41203532,125.0,127.0,0.52151924,95.0,122.0,0.5676404,165.0,126.0,0.48560974,100.0,124.0,0.21905458,150.0,159.0,0.70776844,95.0,147.0,0.46707278,163.0,121.0,0.6769898,148.0,112.0,0.63005567,187.0,116.0,0.71323436,171.0,107.0,0.7175834,215.0,99.0,0.8280959,195.0,92.0,0.57927656
guy3_cobra027.jpg,215.0,134.0,0.7327828,218.0,128.0,0.41000578,211.0,128.0,0.6599331,213.0,123.0,0.19593722,195.0,124.0,0.4071213,199.0,126.0,0.2553304,171.0,128.0,0.3391262,196.0,139.0,0.30455536,136.0,125.0,0.3247752,201.0,150.0,0.37689412,147.0,161.0,0.6292623,148.0,119.0,0.5089651,133.0,125.0,0.42321542,126.0,105.0,0.49559656,106.0,116.0,0.4199979,103.0,96.0,0.5008303,85.0,99.0,0.4947591
guy3_cobra027_flipped.jpg,83.0,135.0,0.54337895,88.0,128.0,0.57301795,81.0,129.0,0.58203423,103.0,122.0,0.6041832,86.0,123.0,0.18810907,127.0,126.0,0.4866293,99.0,121.0,0.49786147,164.0,124.0,0.47399798,102.0,129.0,0.17278472,151.0,160.0,0.7048813,96.0,149.0,0.5555292,164.0,120.0,0.6487552,149.0,112.0,0.55710566,190.0,114.0,0.62489176,172.0,106.0,0.43306077,215.0,98.0,0.7459128,197.0,92.0,0.42061234
guy3_cobra028.jpg,211.0,133.0,0.6113564,215.0,126.0,0.26677498,208.0,126.0,0.523834,211.0,122.0,0.16208191,193.0,121.0,0.42557335,197.0,124.0,0.34452105,170.0,126.0,0.2811279,194.0,137.0,0.31568465,133.0,126.0,0.54872704,201.0,148.0,0.44788343,146.0,159.0,0.6514677,147.0,120.0,0.46711734,131.0,125.0,0.43450513,128.0,109.0,0.47669056,107.0,116.0,0.36701435,105.0,96.0,0.3679231,85.0,99.0,0.6414771
guy3_cobra028_flipped.jpg,87.0,133.0,0.73520315,92.0,126.0,0.6824753,84.0,127.0,0.66776496,107.0,120.0,0.75829667,88.0,121.0,0.33702105,129.0,123.0,0.45373273,100.0,121.0,0.41717458,167.0,125.0,0.56967294,103.0,130.0,0.25354406,154.0,159.0,0.65661585,98.0,148.0,0.5957304,163.0,122.0,0.7291324,148.0,115.0,0.47052464,185.0,117.0,0.45174816,172.0,107.0,0.5600033,213.0,99.0,0.84921575,192.0,93.0,0.37056237
guy3_cobra029.jpg,208.0,132.0,0.68154866,212.0,126.0,0.6180179,204.0,126.0,0.64064467,210.0,120.0,0.122478314,188.0,120.0,0.41635537,198.0,125.0,0.285467,165.0,124.0,0.2919497,193.0,138.0,0.25018954,133.0,126.0,0.4475084,199.0,150.0,0.508747,144.0,161.0,0.68110156,149.0,120.0,0.4490586,133.0,124.0,0.34899408,127.0,106.0,0.5073208,108.0,116.0,0.42814445,106.0,96.0,0.54896563,88.0,98.0,0.40214127
guy3_cobra029_flipped.jpg,89.0,132.0,0.7077413,95.0,125.0,0.65127516,86.0,125.0,0.64073116,110.0,118.0,0.72755563,91.0,119.0,0.30822587,132.0,122.0,0.47683224,102.0,119.0,0.45051053,169.0,125.0,0.6256152,104.0,126.0,0.18371628,156.0,160.0,0.7910073,98.0,147.0,0.616524,164.0,122.0,0.72063947,149.0,113.0,0.59325826,189.0,114.0,0.64238226,171.0,107.0,0.45411548,214.0,97.0,0.88098377,193.0,93.0,0.3286963
guy3_cobra030.jpg,206.0,130.0,0.51390755,210.0,123.0,0.5553333,201.0,124.0,0.5470788,208.0,119.0,0.1530791,186.0,119.0,0.386917,196.0,127.0,0.28313366,163.0,123.0,0.27829778,192.0,137.0,0.3874273,132.0,127.0,0.52009153,199.0,152.0,0.43034926,142.0,162.0,0.67098725,148.0,120.0,0.46185523,133.0,123.0,0.31566992,127.0,105.0,0.47401866,107.0,113.0,0.2581279,106.0,95.0,0.4686821,88.0,98.0,0.51726705
guy3_cobra030_flipped.jpg,92.0,130.0,0.5111408,98.0,124.0,0.7844956,89.0,124.0,0.4728515,112.0,118.0,0.64137673,92.0,120.0,0.19223948,136.0,125.0,0.23237216,103.0,122.0,0.18626715,168.0,125.0,0.32171094,106.0,133.0,0.2373405,158.0,160.0,0.547466,100.0,149.0,0.47975847,164.0,121.0,0.55512536,149.0,113.0,0.48383003,188.0,114.0,0.55620575,172.0,106.0,0.5127722,212.0,98.0,0.6213646,190.0,94.0,0.19333878
guy3_cobra031.jpg,204.0,129.0,0.5566882,207.0,123.0,0.29130653,199.0,123.0,0.5645472,205.0,118.0,0.13684839,183.0,119.0,0.43471062,194.0,128.0,0.3274038,160.0,124.0,0.2626197,192.0,137.0,0.3289686,129.0,127.0,0.47613135,198.0,150.0,0.56010807,141.0,163.0,0.5931426,146.0,123.0,0.40252343,130.0,125.0,0.3760102,129.0,107.0,0.42021486,107.0,115.0,0.3291409,103.0,96.0,0.36262077,90.0,97.0,0.46390113
guy3_cobra031_flipped.jpg,96.0,129.0,0.43604267,101.0,122.0,0.56912494,93.0,123.0,0.56565386,116.0,117.0,0.4838073,96.0,119.0,0.29970786,138.0,124.0,0.27308387,105.0,122.0,0.31271195,170.0,127.0,0.47831172,109.0,134.0,0.42605162,159.0,160.0,0.7286974,102.0,151.0,0.54821396,165.0,122.0,0.5957609,150.0,114.0,0.4069194,185.0,119.0,0.38332233,172.0,107.0,0.43001255,209.0,96.0,0.6126641,193.0,92.0,0.58491695
guy3_cobra032.jpg,200.0,128.0,0.57967806,204.0,122.0,0.55357033,195.0,122.0,0.56687695,204.0,117.0,0.24217705,180.0,117.0,0.30456993,194.0,126.0,0.32953823,159.0,124.0,0.29242185,190.0,135.0,0.37202743,128.0,127.0,0.4230993,195.0,150.0,0.7004968,139.0,162.0,0.6568513,148.0,119.0,0.45756304,132.0,123.0,0.40171593,127.0,105.0,0.5806575,107.0,114.0,0.3925302,104.0,95.0,0.44920227,90.0,98.0,0.47793046
guy3_cobra032_flipped.jpg,99.0,129.0,0.7215203,104.0,122.0,0.5442337,95.0,122.0,0.65295494,119.0,117.0,0.69603,98.0,118.0,0.3903638,142.0,125.0,0.34617692,107.0,122.0,0.2005966,173.0,127.0,0.53250015,110.0,134.0,0.40255705,161.0,163.0,0.8066815,103.0,151.0,0.614725,168.0,123.0,0.77148944,150.0,117.0,0.51545477,189.0,116.0,0.39810473,173.0,106.0,0.60138106,210.0,98.0,0.56871367,192.0,93.0,0.4509794
guy3_cobra033.jpg,198.0,127.0,0.5967765,201.0,121.0,0.58510935,192.0,121.0,0.68574965,201.0,117.0,0.2037541,177.0,118.0,0.24897076,191.0,127.0,0.31655335,155.0,124.0,0.33617106,188.0,137.0,0.4601374,127.0,129.0,0.6392566,195.0,153.0,0.46637797,137.0,163.0,0.5968263,147.0,121.0,0.44925842,131.0,124.0,0.33600858,129.0,106.0,0.55992174,107.0,114.0,0.42140135,108.0,96.0,0.35604122,90.0,99.0,0.513895
guy3_cobra033_flipped.jpg,101.0,127.0,0.6744436,107.0,120.0,0.80305964,97.0,120.0,0.6552394,122.0,116.0,0.620943,99.0,118.0,0.26952592,146.0,124.0,0.21786398,108.0,122.0,0.15499257,174.0,129.0,0.41942802,112.0,134.0,0.3369606,163.0,163.0,0.26990834,104.0,152.0,0.5320395,163.0,123.0,0.4249552,147.0,117.0,0.41081497,189.0,117.0,0.41310453,173.0,106.0,0.5397687,209.0,100.0,0.56662315,188.0,94.0,0.59495735
guy3_cobra034.jpg,194.0,126.0,0.694896,198.0,120.0,0.5445227,188.0,121.0,0.58915186,199.0,115.0,0.18410814,173.0,116.0,0.41639096,190.0,124.0,0.2546701,154.0,124.0,0.28636497,186.0,134.0,0.49599025,125.0,130.0,0.54402035,193.0,154.0,0.5426172,135.0,165.0,0.645772,148.0,125.0,0.4502704,130.0,127.0,0.3089154,130.0,110.0,0.46374154,109.0,117.0,0.35947356,112.0,98.0,0.41776645,93.0,100.0,0.7612077
guy3_cobra034_flipped.jpg,105.0,126.0,0.7061465,111.0,120.0,0.7562804,102.0,120.0,0.646865,126.0,116.0,0.5832057,103.0,117.0,0.2474598,150.0,124.0,0.17765313,108.0,123.0,0.15946153,176.0,130.0,0.35268337,114.0,135.0,0.34333628,165.0,164.0,0.5320401,106.0,155.0,0.39560568,167.0,124.0,0.4498882,150.0,119.0,0.32211497,189.0,119.0,0.2558274,172.0,108.0,0.31066102,208.0,101.0,0.6691574,185.0,98.0,0.27819458
guy3_cobra035.jpg,191.0,125.0,0.5822984,195.0,119.0,0.5155176,185.0,120.0,0.5452095,195.0,114.0,0.1617758,170.0,116.0,0.36587328,186.0,123.0,0.37428558,151.0,124.0,0.2570245,185.0,133.0,0.3499037,124.0,130.0,0.5245281,192.0,155.0,0.47955424,134.0,165.0,0.69687164,144.0,126.0,0.4577317,127.0,127.0,0.31269002,129.0,109.0,0.46755815,107.0,115.0,0.32050815,110.0,96.0,0.41993052,93.0,100.0,0.5246501
guy3_cobra035_flipped.jpg,109.0,125.0,0.5398005,114.0,118.0,0.74569684,106.0,119.0,0.65303254,129.0,114.0,0.5755398,106.0,117.0,0.29124567,150.0,125.0,0.20299177,113.0,130.0,0.28742704,177.0,128.0,0.57961154,116.0,139.0,0.33604658,168.0,161.0,0.28590184,109.0,156.0,0.19864847,169.0,127.0,0.1699679,155.0,123.0,0.15836269,183.0,126.0,0.44554588,175.0,106.0,0.34873307,207.0,96.0,0.39904243,196.0,94.0,0.2629819
guy3_cobra036.jpg,187.0,125.0,0.65634954,191.0,119.0,0.6504319,181.0,119.0,0.67361414,191.0,113.0,0.22926047,167.0,115.0,0.38875115,184.0,124.0,0.43803278,148.0,123.0,0.39351112,181.0,134.0,0.36733994,122.0,131.0,0.6142797,189.0,157.0,0.5536868,131.0,165.0,0.67979944,146.0,133.0,0.49547237,128.0,133.0,0.32814038,129.0,110.0,0.207547,109.0,117.0,0.34732115,112.0,98.0,0.48622975,95.0,100.0,0.56102854
guy3_cobra037.jpg,184.0,124.0,0.5504006,188.0,118.0,0.40509343,178.0,118.0,0.50681686,188.0,112.0,0.21014209,164.0,115.0,0.5549598,182.0,123.0,0.51059055,145.0,123.0,0.32758403,179.0,133.0,0.33135328,120.0,133.0,0.6167373,188.0,157.0,0.4780521,129.0,167.0,0.72555715,143.0,134.0,0.42558888,126.0,133.0,0.34422246,129.0,110.0,0.41481975,109.0,116.0,0.2772023,112.0,98.0,0.47085693,97.0,100.0,0.32440808
guy3_cobra037_flipped.jpg,117.0,124.0,0.61201566,122.0,118.0,0.6385627,113.0,118.0,0.43131378,137.0,114.0,0.6318418,112.0,116.0,0.2616485,157.0,127.0,0.1833028,115.0,123.0,0.16643907,181.0,133.0,0.25739095,122.0,135.0,0.3358353,172.0,167.0,0.3552306,111.0,157.0,0.5144602,172.0,136.0,0.2601387,155.0,130.0,0.3185337,190.0,121.0,0.3695535,173.0,111.0,0.39972702,204.0,100.0,0.46230727,187.0,99.0,0.4995244
guy3_cobra038.jpg,180.0,124.0,0.7118807,184.0,117.0,0.3729278,174.0,119.0,0.7568866,185.0,112.0,0.3209621,160.0,116.0,0.43886054,181.0,122.0,0.5539534,144.0,125.0,0.31238362,179.0,136.0,0.24101649,120.0,134.0,0.5063621,187.0,159.0,0.29950625,126.0,167.0,0.6309796,144.0,136.0,0.47846657,127.0,135.0,0.2959075,131.0,115.0,0.51630455,110.0,120.0,0.22916123,114.0,100.0,0.30613223,96.0,102.0,0.44323185
guy3_cobra038_flipped.jpg,119.0,124.0,0.6089194,125.0,118.0,0.81958294,116.0,118.0,0.6570252,139.0,113.0,0.5291544,117.0,114.0,0.42572004,161.0,125.0,0.29120487,115.0,121.0,0.31641582,182.0,132.0,0.47787455,123.0,135.0,0.5548956,174.0,166.0,0.7733399,113.0,158.0,0.8832795,170.0,139.0,0.3224806,154.0,134.0,0.3417771,187.0,127.0,0.50463575,170.0,113.0,0.4217478,203.0,102.0,0.5740781,185.0,100.0,0.24088563
guy3_cobra039.jpg,176.0,123.0,0.43193543,181.0,117.0,0.6990206,170.0,118.0,0.668417,183.0,112.0,0.37794632,156.0,115.0,0.42757362,179.0,121.0,0.5275068,141.0,124.0,0.373093,176.0,137.0,0.3871457,118.0,134.0,0.5297256,184.0,161.0,0.45953763,124.0,168.0,0.58783305,143.0,140.0,0.47628555,126.0,139.0,0.2834987,130.0,114.0,0.5338571,108.0,119.0,0.3147021,113.0,99.0,0.43171135,98.0,101.0,0.47835895
guy3_cobra039_flipped.jpg,123.0,124.0,0.5417026,129.0,117.0,0.60509837,119.0,117.0,0.6122323,142.0,114.0,0.5867522,117.0,115.0,0.2718076,162.0,125.0,0.29961148,118.0,122.0,0.24739788,183.0,133.0,0.5087867,125.0,138.0,0.33552504,176.0,166.0,0.3532017,115.0,160.0,0.6760317,169.0,139.0,0.26264578,152.0,138.0,0.30169043,187.0,126.0,0.26292717,169.0,115.0,0.2950543,204.0,102.0,0.62827444,184.0,101.0,0.3038734
guy3_cobra040.jpg,174.0,123.0,0.7112508,178.0,117.0,0.44741032,168.0,118.0,0.5615057,181.0,112.0,0.34439662,154.0,116.0,0.42132688,178.0,120.0,0.64798033,139.0,124.0,0.3431128,175.0,136.0,0.46656972,116.0,135.0,0.48069695,183.0,161.0,0.38262293,123.0,169.0,0.64844173,143.0,140.0,0.4822071,126.0,141.0,0.27802894,131.0,114.0,0.48552936,112.0,121.0,0.16563687,114.0,100.0,0.35525453,99.0,102.0,0.5060192
guy3_cobra040_flipped.jpg,126.0,123.0,0.6353835,133.0,117.0,0.7237618,122.0,117.0,0.5867273,146.0,114.0,0.5236918,120.0,114.0,0.29082906,166.0,123.0,0.30481902,119.0,120.0,0.34229326,186.0,134.0,0.5455837,126.0,137.0,0.3508132,177.0,169.0,0.5657722,117.0,160.0,0.6142427,170.0,147.0,0.4792819,152.0,143.0,0.40231076,187.0,127.0,0.1779097,168.0,116.0,0.3529314,202.0,103.0,0.64764977,185.0,100.0,0.33755803
guy3_cobra041.jpg,171.0,122.0,0.6144738,175.0,116.0,0.59633887,165.0,118.0,0.7042147,178.0,111.0,0.28238195,152.0,116.0,0.4529586,176.0,119.0,0.58295876,135.0,124.0,0.2757267,174.0,137.0,0.5114542,116.0,136.0,0.59145427,182.0,162.0,0.43716434,122.0,171.0,0.65032965,144.0,144.0,0.4605282,127.0,146.0,0.31174874,130.0,113.0,0.4388712,112.0,123.0,0.2070649,118.0,102.0,0.4108716,100.0,103.0,0.5588386
guy3_cobra041_flipped.jpg,129.0,123.0,0.70957214,135.0,117.0,0.6431687,125.0,116.0,0.71581066,148.0,114.0,0.65534115,124.0,114.0,0.64353573,169.0,122.0,0.5078098,121.0,120.0,0.5085226,186.0,137.0,0.7924223,127.0,138.0,0.5003078,179.0,170.0,0.67159283,118.0,162.0,0.92222786,172.0,148.0,0.66079944,154.0,144.0,0.4456636,186.0,128.0,0.21102211,169.0,114.0,0.60226023,201.0,103.0,0.77539885,183.0,100.0,0.57995963
guy3_cobra042.jpg,167.0,122.0,0.5757892,172.0,116.0,0.4246111,161.0,118.0,0.5730789,175.0,112.0,0.42228264,149.0,115.0,0.41801918,174.0,118.0,0.559929,131.0,123.0,0.315602,172.0,137.0,0.42916337,114.0,137.0,0.64050233,180.0,161.0,0.4172367,119.0,171.0,0.7927956,146.0,147.0,0.55303913,125.0,145.0,0.33458263,130.0,116.0,0.37291643,112.0,122.0,0.18628418,121.0,101.0,0.32089844,100.0,104.0,0.4341171
guy3_cobra042_flipped.jpg,133.0,124.0,0.61883473,139.0,118.0,0.77267236,129.0,118.0,0.636214,152.0,115.0,0.57655835,127.0,114.0,0.654636,171.0,123.0,0.63162214,123.0,119.0,0.59120107,187.0,137.0,0.76609826,129.0,136.0,0.58254886,181.0,169.0,0.56120193,121.0,162.0,0.7732609,173.0,150.0,0.6011485,155.0,147.0,0.4928055,186.0,129.0,0.23749691,169.0,119.0,0.3825444,200.0,104.0,0.7009628,180.0,103.0,0.46234533
guy3_cobra043.jpg,165.0,123.0,0.5216743,169.0,117.0,0.58004093,159.0,118.0,0.44801322,173.0,113.0,0.451102,146.0,116.0,0.35815215,172.0,119.0,0.5477332,130.0,125.0,0.22867432,171.0,138.0,0.4299286,113.0,140.0,0.6766883,179.0,164.0,0.467622,118.0,172.0,0.5368178,143.0,145.0,0.47653246,123.0,145.0,0.39217296,131.0,113.0,0.2799728,112.0,122.0,0.20023917,119.0,102.0,0.24393351,101.0,104.0,0.38818088
guy3_cobra043_flipped.jpg,136.0,124.0,0.6791773,142.0,118.0,0.7768988,131.0,117.0,0.74895656,154.0,114.0,0.52417445,128.0,114.0,0.47843286,172.0,124.0,0.46330154,125.0,120.0,0.44397077,187.0,140.0,0.6962366,131.0,138.0,0.47469103,182.0,171.0,0.544813,121.0,165.0,0.7436623,175.0,149.0,0.52013314,156.0,147.0,0.4004095,183.0,124.0,0.22866622,170.0,115.0,0.47293103,197.0,104.0,0.5467847,182.0,100.0,0.5304663
guy3_cobra044.jpg,161.0,124.0,0.6038682,166.0,118.0,0.45624435,155.0,119.0,0.6260167,171.0,114.0,0.43927342,144.0,116.0,0.37842897,170.0,121.0,0.55536294,127.0,126.0,0.3444423,170.0,141.0,0.44655743,112.0,141.0,0.59057254,178.0,166.0,0.47815037,117.0,172.0,0.63791186,142.0,146.0,0.5003482,122.0,146.0,0.33424428,135.0,114.0,0.12783955,114.0,122.0,0.2749488,122.0,104.0,0.16837032,102.0,106.0,0.45706117
guy3_cobra044_flipped.jpg,138.0,124.0,0.7003646,144.0,118.0,0.6022726,133.0,117.0,0.49210462,156.0,113.0,0.47647434,130.0,113.0,0.47523654,174.0,124.0,0.5207665,127.0,120.0,0.6993976,188.0,142.0,0.7029914,133.0,139.0,0.60870844,183.0,172.0,0.5972873,123.0,165.0,0.436745,176.0,150.0,0.3614952,156.0,147.0,0.38068423,184.0,122.0,0.25467032,170.0,115.0,0.4183395,196.0,105.0,0.6530602,179.0,102.0,0.49432644
guy3_cobra045.jpg,159.0,123.0,0.5012703,164.0,118.0,0.463745,154.0,119.0,0.65209484,168.0,114.0,0.3930575,141.0,115.0,0.40863106,170.0,121.0,0.7229519,123.0,125.0,0.3695665,169.0,142.0,0.5450019,112.0,142.0,0.7043481,177.0,168.0,0.58688676,116.0,173.0,0.60477173,143.0,148.0,0.54641455,123.0,148.0,0.3953028,130.0,116.0,0.16901068,117.0,121.0,0.30813128,124.0,105.0,0.1478419,105.0,107.0,0.33054817
guy3_cobra045_flipped.jpg,140.0,124.0,0.5061715,146.0,118.0,0.7582748,136.0,118.0,0.65209913,158.0,113.0,0.4451249,133.0,114.0,0.48971996,176.0,125.0,0.56580675,129.0,121.0,0.5436107,189.0,142.0,0.6851752,132.0,141.0,0.541229,185.0,173.0,0.74988425,123.0,168.0,0.62181675,177.0,151.0,0.55540943,158.0,150.0,0.4574025,183.0,121.0,0.34109607,170.0,116.0,0.24824752,195.0,106.0,0.5764873,179.0,103.0,0.33573592
guy3_cobra046.jpg,157.0,124.0,0.6505512,162.0,118.0,0.4085395,151.0,119.0,0.62391686,165.0,114.0,0.3672063,140.0,116.0,0.4316763,169.0,122.0,0.69571406,121.0,127.0,0.5397004,167.0,142.0,0.59369546,111.0,144.0,0.6461036,176.0,168.0,0.49434352,115.0,174.0,0.6363857,143.0,151.0,0.5166466,122.0,151.0,0.3558386,135.0,115.0,0.14598389,116.0,124.0,0.23443314,125.0,104.0,0.2046262,107.0,107.0,0.47147438
guy3_cobra046_flipped.jpg,143.0,126.0,0.7276243,148.0,119.0,0.75332165,138.0,119.0,0.71850044,160.0,116.0,0.4567432,135.0,114.0,0.51928186,179.0,125.0,0.7385862,130.0,122.0,0.57783794,189.0,144.0,0.7531723,133.0,141.0,0.87757367,186.0,173.0,0.75551724,124.0,168.0,0.74336195,176.0,154.0,0.6266221,154.0,152.0,0.50050986,183.0,122.0,0.67143047,168.0,117.0,0.24865922,195.0,108.0,0.7120862,176.0,106.0,0.36856776
guy3_cobra047.jpg,156.0,125.0,0.65544856,160.0,119.0,0.61509025,150.0,120.0,0.62818176,164.0,114.0,0.3605745,139.0,116.0,0.30266252,167.0,122.0,0.6045854,121.0,127.0,0.45836014,168.0,142.0,0.5408977,111.0,144.0,0.70119286,175.0,170.0,0.5718093,115.0,176.0,0.59075236,144.0,151.0,0.5230001,122.0,152.0,0.32332438,133.0,116.0,0.11393695,119.0,122.0,0.2590926,125.0,107.0,0.18425407,109.0,107.0,0.4289381
guy3_cobra047_flipped.jpg,145.0,126.0,0.7396873,151.0,120.0,0.67341024,140.0,120.0,0.6341708,163.0,116.0,0.5176303,137.0,115.0,0.44330922,180.0,125.0,0.55180943,131.0,123.0,0.81516564,190.0,145.0,0.84519887,132.0,142.0,0.8545185,186.0,176.0,0.7993556,126.0,169.0,0.9028721,177.0,153.0,0.54269123,153.0,152.0,0.38162568,184.0,122.0,0.554785,165.0,116.0,0.28082404,191.0,108.0,0.66950727,172.0,109.0,0.2725204
guy3_cobra048_flipped.jpg,147.0,128.0,0.6930691,152.0,121.0,0.6971219,142.0,121.0,0.5120479,164.0,118.0,0.63101447,139.0,118.0,0.5925054,181.0,127.0,0.727165,132.0,125.0,0.8021215,191.0,146.0,0.7274835,132.0,143.0,0.8179254,187.0,175.0,0.63179433,126.0,171.0,0.88278025,177.0,157.0,0.73099077,155.0,156.0,0.64596045,185.0,129.0,0.3851107,169.0,120.0,0.2841741,191.0,110.0,0.6100295,174.0,111.0,0.2066825
guy3_cobra049.jpg,153.0,128.0,0.6173949,157.0,122.0,0.53651214,147.0,122.0,0.5176898,161.0,117.0,0.47160286,136.0,118.0,0.5379404,167.0,123.0,0.6695932,120.0,128.0,0.37222466,168.0,145.0,0.76655734,111.0,146.0,0.8675299,174.0,173.0,0.7343637,112.0,176.0,0.731611,143.0,153.0,0.53562695,122.0,153.0,0.488278,130.0,127.0,0.1264842,118.0,124.0,0.35656035,130.0,113.0,0.11155822,112.0,111.0,0.2762901
guy3_cobra049_flipped.jpg,147.0,128.0,0.7588782,153.0,122.0,0.7047058,143.0,121.0,0.8237221,165.0,117.0,0.5834223,140.0,117.0,0.5113567,181.0,127.0,0.7538823,133.0,124.0,0.669356,190.0,147.0,0.85995877,133.0,145.0,0.8427858,187.0,176.0,0.7147138,126.0,172.0,0.78128886,178.0,157.0,0.6152327,155.0,155.0,0.4356006,183.0,125.0,0.3909455,169.0,121.0,0.21270002,188.0,109.0,0.6800135,171.0,112.0,0.31187725
guy3_cobra050_flipped.jpg,149.0,129.0,0.69367886,154.0,123.0,0.6768018,144.0,122.0,0.8280422,166.0,118.0,0.655477,141.0,118.0,0.67411697,181.0,128.0,0.69533145,133.0,125.0,0.7797045,190.0,147.0,0.8915292,132.0,146.0,0.8945395,187.0,177.0,0.7823906,127.0,173.0,0.8326829,178.0,158.0,0.8131739,153.0,158.0,0.63252866,182.0,129.0,0.3886073,164.0,134.0,0.19360475,187.0,110.0,0.6149912,168.0,113.0,0.33186176
guy3_cobra052_flipped.jpg,151.0,132.0,0.745575,156.0,126.0,0.7250275,146.0,126.0,0.7646805,167.0,121.0,0.54207706,142.0,122.0,0.6469897,181.0,131.0,0.5389596,136.0,129.0,0.81785715,189.0,151.0,0.8771026,133.0,149.0,0.8611898,187.0,179.0,0.79331386,128.0,176.0,0.8253858,176.0,160.0,0.40224504,150.0,160.0,0.42302057,181.0,127.0,0.66769624,164.0,126.0,0.16474369,182.0,114.0,0.6182672,168.0,119.0,0.22725861
guy3_cobra053_flipped.jpg,152.0,133.0,0.73730904,157.0,127.0,0.8110055,147.0,127.0,0.7032618,167.0,123.0,0.60114646,142.0,123.0,0.656244,180.0,135.0,0.5410098,134.0,130.0,0.76617664,189.0,153.0,0.8552706,132.0,150.0,0.90518165,187.0,181.0,0.84930205,127.0,178.0,0.8217856,176.0,160.0,0.5588041,152.0,160.0,0.37677333,181.0,129.0,0.50327146,168.0,125.0,0.27564836,181.0,120.0,0.3358633,170.0,121.0,0.14093971
guy3_cobra054_flipped.jpg,152.0,134.0,0.7941278,157.0,128.0,0.844322,147.0,128.0,0.7945329,167.0,125.0,0.54575884,143.0,124.0,0.5605423,180.0,134.0,0.69298023,134.0,132.0,0.7557233,187.0,154.0,0.85261106,131.0,153.0,0.8064901,187.0,182.0,0.7876544,127.0,180.0,0.8720243,175.0,164.0,0.78381026,151.0,163.0,0.638782,181.0,133.0,0.43775877,169.0,129.0,0.15845424,179.0,121.0,0.38152218,169.0,122.0,0.29173306
guy3_cobra055_flipped.jpg,152.0,136.0,0.77538216,158.0,130.0,0.72966516,148.0,130.0,0.70554864,167.0,126.0,0.65115106,142.0,125.0,0.7133458,181.0,136.0,0.6658503,133.0,133.0,0.86294603,187.0,155.0,0.8354086,130.0,154.0,0.8644288,187.0,184.0,0.7324171,126.0,182.0,0.849559,175.0,165.0,0.7770394,152.0,165.0,0.6159994,182.0,137.0,0.4557782,163.0,140.0,0.102158405,176.0,118.0,0.46385652,169.0,123.0,0.28592154
guy3_cobra056_flipped.jpg,153.0,137.0,0.75927866,158.0,131.0,0.7029183,148.0,131.0,0.75178456,167.0,127.0,0.50329834,142.0,127.0,0.5461833,181.0,137.0,0.79022634,133.0,135.0,0.80257213,186.0,158.0,0.7685644,129.0,155.0,0.7727084,186.0,185.0,0.87974215,126.0,182.0,0.82599777,174.0,167.0,0.8336416,149.0,168.0,0.67414093,185.0,149.0,0.18918906,162.0,145.0,0.16807073,180.0,128.0,0.19692735,170.0,124.0,0.24964328
guy3_cobra057_flipped.jpg,153.0,139.0,0.6234753,158.0,133.0,0.68909204,148.0,133.0,0.7975422,167.0,129.0,0.60098886,142.0,129.0,0.79424655,179.0,138.0,0.7453437,132.0,136.0,0.8086059,185.0,159.0,0.86546826,129.0,157.0,0.6634532,185.0,185.0,0.8576288,125.0,185.0,0.78360105,173.0,169.0,0.8470231,149.0,170.0,0.7955097,182.0,153.0,0.28999406,162.0,150.0,0.2219801,183.0,151.0,0.1652352,165.0,129.0,0.15762898
guy3_cobra058_flipped.jpg,153.0,140.0,0.7117235,159.0,135.0,0.7273326,148.0,134.0,0.5868978,167.0,132.0,0.682736,141.0,131.0,0.7375137,178.0,140.0,0.80172694,131.0,139.0,0.77637506,185.0,162.0,0.73919296,128.0,160.0,0.87802917,184.0,188.0,0.7453568,125.0,187.0,0.71672845,171.0,170.0,0.8026941,146.0,170.0,0.69171214,181.0,153.0,0.32604098,155.0,150.0,0.11259971,179.0,142.0,0.12003491,160.0,133.0,0.12283253
guy3_cobra061.jpg,147.0,145.0,0.6489432,152.0,140.0,0.6536318,142.0,140.0,0.75257623,161.0,136.0,0.6148324,135.0,137.0,0.66710854,170.0,145.0,0.79095334,124.0,146.0,0.67668295,176.0,165.0,0.5928617,120.0,166.0,0.7846321,178.0,192.0,0.7495629,117.0,193.0,0.7294757,160.0,173.0,0.74551696,136.0,174.0,0.74854344,162.0,150.0,0.2800156,141.0,152.0,0.17536242,165.0,147.0,0.112985246,144.0,150.0,0.1259248
guy3_cobra062_flipped.jpg,153.0,148.0,0.47226268,157.0,143.0,0.76197904,147.0,142.0,0.65321606,163.0,139.0,0.4795419,139.0,137.0,0.6396375,175.0,147.0,0.80292654,127.0,146.0,0.6886977,180.0,168.0,0.85487646,123.0,168.0,0.7842967,182.0,194.0,0.9296097,122.0,195.0,0.8770615,163.0,176.0,0.7948119,138.0,176.0,0.7864659,166.0,150.0,0.18817443,139.0,153.0,0.23659845,170.0,144.0,0.13066347,139.0,152.0,0.13580188
guy3_cobra063.jpg,148.0,149.0,0.67122346,153.0,144.0,0.65950185,143.0,144.0,0.77996296,162.0,140.0,0.6353203,136.0,141.0,0.5253998,173.0,149.0,0.87469274,127.0,149.0,0.55656767,178.0,171.0,0.5473274,122.0,169.0,0.8393305,180.0,197.0,0.74264336,119.0,196.0,0.7465136,164.0,177.0,0.67676544,139.0,178.0,0.71380055,169.0,156.0,0.30896184,149.0,157.0,0.16974796,171.0,146.0,0.15809907,151.0,143.0,0.15010804
guy3_cobra064.jpg,148.0,151.0,0.69410974,153.0,146.0,0.61047715,143.0,146.0,0.6980409,162.0,142.0,0.6392565,137.0,143.0,0.6350014,174.0,150.0,0.68690324,127.0,151.0,0.67378634,179.0,171.0,0.78009546,123.0,170.0,0.74646115,180.0,200.0,0.6216716,119.0,198.0,0.7077879,163.0,179.0,0.7239588,140.0,180.0,0.7612367,168.0,156.0,0.23777914,148.0,158.0,0.11399318,171.0,146.0,0.15673321,152.0,145.0,0.17359564
guy3_cobra064_flipped.jpg,153.0,151.0,0.59781426,157.0,146.0,0.7816663,147.0,146.0,0.7281386,162.0,143.0,0.5657543,138.0,141.0,0.6821451,173.0,151.0,0.7537111,126.0,150.0,0.64011526,178.0,171.0,0.7999567,121.0,172.0,0.91540223,180.0,198.0,0.74517906,120.0,200.0,0.7771032,162.0,180.0,0.78196293,137.0,180.0,0.7755484,164.0,151.0,0.12210066,138.0,154.0,0.2028476,165.0,148.0,0.18456456,135.0,133.0,0.31620586
guy3_cobra065.jpg,147.0,153.0,0.6720752,153.0,147.0,0.87327,143.0,147.0,0.8073435,163.0,143.0,0.5687256,137.0,143.0,0.62788785,176.0,152.0,0.69177884,128.0,152.0,0.79272485,181.0,174.0,0.84926647,124.0,172.0,0.8152765,182.0,202.0,0.7166648,120.0,200.0,0.8027061,167.0,180.0,0.7204933,143.0,180.0,0.69557947,174.0,152.0,0.32164258,128.0,153.0,0.28532958,170.0,134.0,0.38068697,155.0,143.0,0.12025243
guy3_cobra065_flipped.jpg,153.0,153.0,0.63186693,157.0,147.0,0.577068,148.0,148.0,0.5084697,162.0,143.0,0.64593494,138.0,143.0,0.6073639,173.0,152.0,0.69113606,126.0,150.0,0.7505466,177.0,172.0,0.71699786,120.0,174.0,0.7043737,180.0,199.0,0.8582716,119.0,201.0,0.80314696,160.0,183.0,0.77837527,135.0,182.0,0.80526906,158.0,166.0,0.22262147,135.0,160.0,0.14687292,162.0,148.0,0.114785954,131.0,133.0,0.51190746
guy3_cobra066.jpg,147.0,156.0,0.7382765,153.0,150.0,0.6706636,143.0,150.0,0.61489934,163.0,146.0,0.67383087,138.0,146.0,0.6032151,176.0,153.0,0.7556128,128.0,154.0,0.610039,181.0,177.0,0.6491029,126.0,174.0,0.89745176,182.0,205.0,0.89787924,121.0,202.0,0.8250471,167.0,183.0,0.726025,142.0,183.0,0.7071304,172.0,155.0,0.18226251,128.0,154.0,0.2882876,171.0,137.0,0.43724725,152.0,147.0,0.103547126
guy3_cobra067.jpg,148.0,158.0,0.5097029,153.0,152.0,0.8215955,143.0,152.0,0.74494725,164.0,148.0,0.57330567,139.0,149.0,0.58803904,177.0,155.0,0.8452514,129.0,156.0,0.7236747,184.0,179.0,0.63879144,126.0,175.0,0.8671299,184.0,206.0,0.8233911,122.0,204.0,0.82224023,168.0,185.0,0.66622233,143.0,186.0,0.6753036,175.0,157.0,0.17121547,150.0,164.0,0.12382492,174.0,144.0,0.245171,152.0,149.0,0.12299754
guy3_cobra068.jpg,148.0,159.0,0.61654687,153.0,153.0,0.7727005,143.0,153.0,0.5865412,164.0,147.0,0.6685629,138.0,149.0,0.54592526,177.0,158.0,0.76156807,131.0,159.0,0.67281157,185.0,180.0,0.66760933,127.0,177.0,0.76211405,185.0,208.0,0.8049977,122.0,205.0,0.7184161,170.0,187.0,0.53591913,145.0,188.0,0.46722215,177.0,155.0,0.4413387,130.0,158.0,0.4508508,177.0,138.0,0.39436373,163.0,146.0,0.24022563
guy3_cobra070.jpg,148.0,164.0,0.70581436,153.0,158.0,0.6496942,143.0,158.0,0.6961993,164.0,152.0,0.52714443,139.0,153.0,0.59334755,179.0,162.0,0.6905206,132.0,162.0,0.8354902,187.0,183.0,0.78236866,130.0,182.0,0.8211359,186.0,213.0,0.74644375,125.0,210.0,0.86637115,173.0,191.0,0.7171155,149.0,192.0,0.6774588,179.0,159.0,0.5612346,160.0,171.0,0.12347622,181.0,145.0,0.4787884,163.0,152.0,0.13861719
guy3_cobra070_flipped.jpg,152.0,163.0,0.7391964,156.0,157.0,0.8602075,147.0,158.0,0.7884084,160.0,153.0,0.61795205,136.0,152.0,0.63137937,170.0,161.0,0.7624617,120.0,160.0,0.7860454,172.0,182.0,0.8902185,114.0,183.0,0.8691473,176.0,209.0,0.90640324,115.0,213.0,0.7041336,154.0,191.0,0.73665094,128.0,191.0,0.6872358,170.0,157.0,0.2089221,121.0,158.0,0.69114137,130.0,143.0,0.40599036,118.0,145.0,0.37395835
guy3_cobra071.jpg,147.0,165.0,0.74840903,153.0,159.0,0.87531346,143.0,159.0,0.7814838,164.0,154.0,0.6537984,138.0,154.0,0.53333056,180.0,164.0,0.56570274,133.0,164.0,0.75957656,187.0,186.0,0.7413741,131.0,184.0,0.7941764,186.0,216.0,0.83934873,124.0,212.0,0.7646917,174.0,194.0,0.64260626,151.0,194.0,0.5947284,181.0,160.0,0.54003143,165.0,159.0,0.16811112,183.0,152.0,0.18284035,166.0,152.0,0.23251936
guy3_cobra072.jpg,148.0,168.0,0.5905958,153.0,162.0,0.78795165,142.0,162.0,0.5253211,164.0,156.0,0.66864604,138.0,157.0,0.38500768,178.0,167.0,0.6739917,133.0,167.0,0.7386732,188.0,189.0,0.6440921,132.0,186.0,0.78358316,186.0,219.0,0.5738331,125.0,214.0,0.6966475,175.0,198.0,0.57786584,151.0,197.0,0.38846922,180.0,165.0,0.5040682,164.0,163.0,0.10955045,185.0,153.0,0.20070982,168.0,154.0,0.20987813
guy3_cobra072_flipped.jpg,153.0,167.0,0.5711082,158.0,161.0,0.73107177,148.0,162.0,0.75211483,161.0,156.0,0.72006655,136.0,155.0,0.57552105,170.0,164.0,0.87541926,118.0,166.0,0.69486654,170.0,187.0,0.73675704,113.0,189.0,0.88797307,175.0,213.0,0.59025586,114.0,218.0,0.925858,146.0,193.0,0.53897727,123.0,192.0,0.42528662,139.0,169.0,0.27951235,118.0,163.0,0.6603633,136.0,153.0,0.16513449,113.0,149.0,0.40326858
guy3_cobra073.jpg,147.0,169.0,0.66883796,153.0,163.0,0.8492718,142.0,163.0,0.816072,165.0,158.0,0.6020751,138.0,159.0,0.49613768,181.0,168.0,0.61914325,133.0,168.0,0.85400975,190.0,191.0,0.8078065,132.0,187.0,0.7885867,187.0,220.0,0.85443527,126.0,216.0,0.74822825,176.0,199.0,0.6520257,151.0,198.0,0.5846243,183.0,165.0,0.623706,166.0,164.0,0.20675953,185.0,158.0,0.21516313,169.0,156.0,0.30602705
guy3_cobra073_flipped.jpg,153.0,170.0,0.7459812,158.0,164.0,0.67618704,148.0,164.0,0.7144861,160.0,159.0,0.5491679,136.0,158.0,0.58700514,170.0,165.0,0.91079074,117.0,169.0,0.6607692,169.0,188.0,0.78737694,111.0,190.0,0.862198,175.0,215.0,0.7157848,113.0,220.0,0.7026298,146.0,194.0,0.522363,122.0,195.0,0.37239677,137.0,171.0,0.36891958,118.0,168.0,0.726384,127.0,150.0,0.41391364,109.0,151.0,0.59973216
guy3_cobra074.jpg,147.0,171.0,0.6483479,153.0,165.0,0.7644222,142.0,165.0,0.40299615,165.0,160.0,0.5749605,138.0,161.0,0.3810662,180.0,171.0,0.7648604,134.0,170.0,0.76356816,191.0,191.0,0.62767255,134.0,189.0,0.60455394,188.0,223.0,0.7481215,127.0,217.0,0.6445156,177.0,200.0,0.49596182,155.0,198.0,0.44897875,183.0,167.0,0.56761354,167.0,164.0,0.1898612,191.0,155.0,0.53662956,175.0,156.0,0.19892208
guy3_cobra074_flipped.jpg,153.0,171.0,0.71807194,158.0,165.0,0.71962553,148.0,166.0,0.8112072,160.0,161.0,0.53914845,135.0,160.0,0.6168372,168.0,168.0,0.8370882,116.0,169.0,0.6508143,168.0,190.0,0.65272546,110.0,192.0,0.81882745,174.0,217.0,0.6891016,113.0,222.0,0.8134044,145.0,196.0,0.52700174,123.0,197.0,0.4807959,138.0,169.0,0.19809121,116.0,169.0,0.5182011,135.0,158.0,0.12270438,106.0,155.0,0.7179171
guy3_cobra075_flipped.jpg,154.0,174.0,0.7358863,158.0,167.0,0.6181451,148.0,168.0,0.717554,161.0,163.0,0.59034556,136.0,163.0,0.422539,168.0,169.0,0.6779898,116.0,174.0,0.68046784,167.0,193.0,0.6585263,109.0,194.0,0.90167785,175.0,220.0,0.6260647,113.0,225.0,0.9147775,145.0,202.0,0.53555644,122.0,202.0,0.58093286,135.0,175.0,0.33966568,116.0,172.0,0.469252,132.0,159.0,0.1470232,105.0,155.0,0.557372
guy3_cobra076.jpg,146.0,176.0,0.52594817,152.0,169.0,0.6185719,141.0,169.0,0.5912499,164.0,165.0,0.527982,137.0,165.0,0.40252024,180.0,176.0,0.42120898,134.0,174.0,0.62532806,192.0,198.0,0.40788215,135.0,195.0,0.61299086,189.0,228.0,0.50082624,127.0,221.0,0.69526434,178.0,208.0,0.43425274,155.0,206.0,0.32077605,184.0,174.0,0.42487067,168.0,171.0,0.12652864,191.0,164.0,0.17738585,182.0,158.0,0.27038887
guy3_cobra076_flipped.jpg,154.0,176.0,0.53027546,158.0,169.0,0.48850578,148.0,170.0,0.79454404,160.0,165.0,0.6048113,136.0,164.0,0.6200949,167.0,170.0,0.8942351,114.0,175.0,0.65685093,166.0,194.0,0.7294116,107.0,197.0,0.8402667,173.0,220.0,0.89510965,112.0,227.0,0.8709744,144.0,202.0,0.5703418,119.0,202.0,0.35005587,134.0,176.0,0.30000293,113.0,177.0,0.463686,119.0,156.0,0.4366661,103.0,159.0,0.64904106
guy3_cobra078.jpg,145.0,179.0,0.6301092,151.0,173.0,0.5424936,141.0,173.0,0.36093113,163.0,169.0,0.60466105,137.0,168.0,0.30676532,182.0,181.0,0.57819986,135.0,177.0,0.528298,193.0,199.0,0.5259031,137.0,198.0,0.7113038,189.0,232.0,0.7263015,128.0,225.0,0.5512165,180.0,209.0,0.40993133,156.0,208.0,0.38528723,194.0,178.0,0.27006534,174.0,175.0,0.118830435,202.0,164.0,0.4576904,189.0,163.0,0.37211692
guy3_cobra078_flipped.jpg,155.0,179.0,0.65521693,159.0,173.0,0.47849932,149.0,173.0,0.7292204,161.0,170.0,0.679271,136.0,168.0,0.7516348,166.0,176.0,0.81880885,115.0,179.0,0.5388854,165.0,198.0,0.60481644,106.0,200.0,0.90155506,173.0,225.0,0.78958285,111.0,233.0,0.8238599,142.0,207.0,0.5642567,120.0,207.0,0.6670292,128.0,180.0,0.27419665,107.0,186.0,0.24422434,114.0,162.0,0.3493512,97.0,162.0,0.6890399
guy3_cobra079.jpg,145.0,180.0,0.5525621,150.0,174.0,0.6418068,140.0,174.0,0.61754966,163.0,170.0,0.61373436,137.0,171.0,0.25387195,181.0,182.0,0.5856248,135.0,179.0,0.7054459,194.0,203.0,0.5261388,137.0,201.0,0.57904696,189.0,235.0,0.6853932,128.0,227.0,0.64527285,180.0,212.0,0.5029472,154.0,212.0,0.3326986,196.0,180.0,0.13706562,172.0,180.0,0.10029751,202.0,169.0,0.14798482,189.0,167.0,0.20915836
guy3_cobra080.jpg,144.0,182.0,0.6282725,150.0,176.0,0.458853,139.0,176.0,0.5622889,163.0,172.0,0.549191,137.0,172.0,0.23561765,181.0,184.0,0.43588275,135.0,181.0,0.5829403,195.0,203.0,0.5924109,137.0,201.0,0.5413194,189.0,237.0,0.801561,128.0,229.0,0.42237705,179.0,219.0,0.4168216,155.0,213.0,0.22496508,198.0,185.0,0.17799057,178.0,179.0,0.19741906,195.0,166.0,0.32523954,189.0,170.0,0.20802951
guy3_cobra082.jpg,142.0,185.0,0.6807937,148.0,179.0,0.6207285,138.0,178.0,0.6601161,161.0,175.0,0.55258346,136.0,176.0,0.17985015,180.0,188.0,0.42515734,135.0,184.0,0.7156671,196.0,207.0,0.31278148,139.0,206.0,0.46526995,189.0,242.0,0.6225527,128.0,232.0,0.6246718,180.0,222.0,0.38416907,158.0,218.0,0.27713114,201.0,192.0,0.26998156,176.0,186.0,0.12415683,211.0,174.0,0.61531013,195.0,171.0,0.21237437
guy3_cobra082_flipped.jpg,158.0,185.0,0.4613238,162.0,179.0,0.4661413,152.0,180.0,0.76913655,165.0,176.0,0.38565853,139.0,176.0,0.69531053,166.0,183.0,0.7795682,119.0,188.0,0.5022136,163.0,208.0,0.43351316,105.0,208.0,0.6828681,172.0,233.0,0.6276792,112.0,242.0,0.7118137,139.0,216.0,0.41070938,117.0,218.0,0.45645034,118.0,184.0,0.16111585,101.0,192.0,0.26886246,104.0,170.0,0.22674197,89.0,173.0,0.49670818
guy3_cobra083.jpg,141.0,187.0,0.48474598,146.0,180.0,0.8259963,136.0,180.0,0.5184462,160.0,177.0,0.5752392,135.0,177.0,0.17995192,179.0,190.0,0.46170312,135.0,186.0,0.51758265,197.0,210.0,0.503981,138.0,208.0,0.5463896,189.0,244.0,0.61436844,128.0,233.0,0.63902676,181.0,224.0,0.41732696,158.0,221.0,0.29216003,202.0,194.0,0.16491689,180.0,187.0,0.21108732,214.0,175.0,0.68759215,201.0,171.0,0.49739894
guy3_cobra083_flipped.jpg,159.0,187.0,0.57537484,164.0,180.0,0.47512692,153.0,181.0,0.68768924,165.0,177.0,0.29216436,139.0,178.0,0.5216569,165.0,185.0,0.6064001,118.0,190.0,0.38320956,163.0,209.0,0.35128286,104.0,210.0,0.603111,173.0,234.0,0.5834846,111.0,244.0,0.80823904,136.0,214.0,0.36590394,116.0,214.0,0.31041065,116.0,183.0,0.19909312,100.0,188.0,0.15672453,99.0,171.0,0.22031412,85.0,174.0,0.5066313
guy3_cobra084.jpg,140.0,188.0,0.67814714,146.0,182.0,0.6210402,136.0,181.0,0.6618687,160.0,178.0,0.43805948,134.0,179.0,0.18803081,180.0,192.0,0.5135704,134.0,187.0,0.48734188,197.0,212.0,0.4409314,138.0,209.0,0.61771953,188.0,247.0,0.6974181,128.0,235.0,0.6355018,184.0,227.0,0.44797617,162.0,220.0,0.36104175,205.0,196.0,0.21523565,182.0,190.0,0.31548977,217.0,178.0,0.34762123,200.0,175.0,0.29638976
guy3_cobra084_flipped.jpg,161.0,188.0,0.65587676,165.0,182.0,0.66463965,154.0,182.0,0.56274664,165.0,179.0,0.23945749,140.0,179.0,0.51763654,166.0,188.0,0.677722,118.0,191.0,0.60845816,162.0,210.0,0.36557302,104.0,212.0,0.6876768,172.0,235.0,0.64091873,112.0,246.0,0.7618671,136.0,220.0,0.36855865,115.0,219.0,0.26696628,114.0,187.0,0.23992474,97.0,192.0,0.21104304,97.0,174.0,0.24519533,85.0,173.0,0.51565623
guy3_cobra085.jpg,139.0,189.0,0.6214248,145.0,183.0,0.73829216,135.0,182.0,0.44276696,159.0,179.0,0.5984037,134.0,179.0,0.14341506,178.0,194.0,0.28788814,136.0,190.0,0.27512482,198.0,213.0,0.43204454,139.0,211.0,0.6012608,188.0,248.0,0.4222856,129.0,237.0,0.68764997,183.0,229.0,0.39685184,162.0,221.0,0.32061067,205.0,199.0,0.22463842,181.0,192.0,0.22995032,219.0,181.0,0.5690862,201.0,179.0,0.24561934
guy3_cobra085_flipped.jpg,162.0,190.0,0.5889231,166.0,183.0,0.65132964,155.0,184.0,0.6524623,167.0,180.0,0.24092846,141.0,181.0,0.5469792,165.0,189.0,0.6285212,120.0,195.0,0.46084046,163.0,210.0,0.32619777,105.0,214.0,0.69694185,172.0,237.0,0.7779844,113.0,247.0,0.7841248,135.0,219.0,0.37693432,115.0,219.0,0.20130885,115.0,189.0,0.22646627,97.0,196.0,0.16946122,97.0,177.0,0.21063407,82.0,178.0,0.42043132
guy3_cobra086.jpg,137.0,191.0,0.68288255,144.0,185.0,0.7389426,134.0,184.0,0.43885386,158.0,181.0,0.6632477,133.0,182.0,0.10010768,178.0,196.0,0.3847378,137.0,193.0,0.21092261,198.0,216.0,0.48544952,138.0,215.0,0.55079967,188.0,251.0,0.72766924,128.0,240.0,0.65042114,182.0,233.0,0.48455906,162.0,226.0,0.35652193,207.0,201.0,0.22396433,183.0,195.0,0.21693352,220.0,184.0,0.39497343,202.0,183.0,0.15994842
guy3_cobra086_flipped.jpg,163.0,191.0,0.60959995,166.0,184.0,0.7742397,156.0,185.0,0.70480204,167.0,182.0,0.32010123,142.0,181.0,0.6012397,164.0,192.0,0.5275495,120.0,196.0,0.39956623,162.0,213.0,0.44560367,104.0,215.0,0.8054539,172.0,238.0,0.72097373,112.0,249.0,0.81635547,138.0,218.0,0.4980899,116.0,221.0,0.3476203,114.0,190.0,0.37971154,96.0,198.0,0.3108985,98.0,180.0,0.23234667,78.0,182.0,0.6097251
guy3_cobra087.jpg,137.0,192.0,0.7464206,142.0,186.0,0.45137617,133.0,185.0,0.42656577,157.0,182.0,0.7755308,133.0,183.0,0.108117804,176.0,198.0,0.31866428,135.0,194.0,0.1866735,198.0,216.0,0.52948844,138.0,213.0,0.43979862,188.0,251.0,0.5097424,128.0,240.0,0.4981226,184.0,228.0,0.24542193,162.0,225.0,0.282415,209.0,203.0,0.34323972,183.0,196.0,0.39553615,223.0,187.0,0.3384254,201.0,185.0,0.25611007
guy3_cobra087_flipped.jpg,164.0,192.0,0.6610833,167.0,185.0,0.67574286,158.0,186.0,0.47442985,166.0,183.0,0.16741353,142.0,183.0,0.68012536,164.0,193.0,0.61721456,122.0,196.0,0.44137615,162.0,214.0,0.5427698,103.0,217.0,0.8170843,172.0,240.0,0.52372646,113.0,251.0,0.79309094,134.0,219.0,0.5280214,114.0,219.0,0.3166457,113.0,192.0,0.37571415,92.0,200.0,0.29590586,95.0,182.0,0.33726925,80.0,183.0,0.36654073
guy3_cobra088.jpg,134.0,193.0,0.53827846,141.0,187.0,0.817158,131.0,186.0,0.6715778,156.0,183.0,0.78386426,133.0,183.0,0.40822646,179.0,196.0,0.6022862,133.0,194.0,0.3785947,198.0,218.0,0.7030958,138.0,215.0,0.7059845,187.0,254.0,0.73004544,127.0,241.0,0.81651366,183.0,233.0,0.58256865,161.0,229.0,0.46126574,205.0,212.0,0.37913674,185.0,196.0,0.67482936,226.0,187.0,0.7484736,203.0,187.0,0.5521278
guy3_cobra088_flipped.jpg,164.0,193.0,0.745293,168.0,186.0,0.5185948,159.0,186.0,0.6162522,166.0,184.0,0.26179042,143.0,183.0,0.6146412,163.0,194.0,0.6498276,122.0,198.0,0.33148605,162.0,214.0,0.4251914,104.0,219.0,0.7872779,172.0,240.0,0.7576099,113.0,252.0,0.77108884,135.0,221.0,0.46604744,113.0,224.0,0.29090524,112.0,193.0,0.28828865,93.0,201.0,0.31886318,90.0,182.0,0.20639224,85.0,182.0,0.42308396
guy3_cobra089.jpg,135.0,194.0,0.70317614,140.0,188.0,0.66183496,131.0,187.0,0.62898123,156.0,185.0,0.7450963,133.0,185.0,0.33726296,177.0,199.0,0.47434646,134.0,196.0,0.5061439,199.0,220.0,0.65321165,138.0,217.0,0.69596416,187.0,256.0,0.8846394,128.0,243.0,0.7520936,184.0,235.0,0.59700716,162.0,230.0,0.48233733,210.0,209.0,0.3933375,184.0,200.0,0.561613,228.0,190.0,0.6254722,204.0,189.0,0.364663
guy3_cobra089_flipped.jpg,167.0,195.0,0.77479494,169.0,188.0,0.5823207,160.0,188.0,0.7934402,165.0,186.0,0.6172876,144.0,185.0,0.6764355,167.0,196.0,0.8627882,120.0,199.0,0.561833,162.0,217.0,0.6463402,103.0,220.0,0.85591775,172.0,242.0,0.6990173,114.0,254.0,0.90063363,137.0,226.0,0.5770358,113.0,227.0,0.61856085,114.0,198.0,0.4951217,92.0,207.0,0.62304914,100.0,189.0,0.28959534,72.0,188.0,0.843194
guy3_cobra090.jpg,133.0,195.0,0.6545265,140.0,189.0,0.76860416,130.0,188.0,0.6943137,154.0,186.0,0.87640357,134.0,187.0,0.3987582,177.0,200.0,0.58016527,133.0,199.0,0.44178876,198.0,222.0,0.6450306,138.0,220.0,0.66536963,186.0,258.0,0.8248455,127.0,245.0,0.7660125,186.0,229.0,0.4272522,164.0,227.0,0.4525339,210.0,212.0,0.46296,188.0,205.0,0.286669,230.0,192.0,0.87271976,206.0,192.0,0.5367032
guy3_cobra090_flipped.jpg,167.0,195.0,0.75656986,170.0,189.0,0.5988817,161.0,189.0,0.7824379,165.0,187.0,0.5736953,145.0,186.0,0.668414,168.0,197.0,0.8760813,122.0,200.0,0.4714377,162.0,218.0,0.5251113,103.0,221.0,0.90522647,172.0,244.0,0.769938,114.0,257.0,0.8600309,137.0,227.0,0.59022784,114.0,229.0,0.6300314,114.0,200.0,0.42013457,92.0,210.0,0.5661553,97.0,191.0,0.18741746,79.0,188.0,0.61939
guy3_cobra091.jpg,131.0,196.0,0.6490184,137.0,189.0,0.69568694,128.0,189.0,0.49582425,153.0,187.0,0.8098936,132.0,187.0,0.62243474,176.0,201.0,0.5411569,133.0,200.0,0.5828178,198.0,223.0,0.781885,137.0,220.0,0.69239634,185.0,259.0,0.8609378,127.0,245.0,0.8555583,185.0,232.0,0.48633575,163.0,230.0,0.49327555,211.0,212.0,0.6060629,189.0,206.0,0.29746237,233.0,194.0,0.7945819,208.0,193.0,0.6733199
guy3_cobra091_flipped.jpg,169.0,196.0,0.6791353,171.0,189.0,0.58299243,163.0,190.0,0.8687843,166.0,188.0,0.6600721,146.0,187.0,0.8112503,167.0,199.0,0.6107691,121.0,201.0,0.5511431,161.0,220.0,0.6351905,103.0,223.0,0.93052566,172.0,245.0,0.7625871,114.0,259.0,0.78804535,136.0,229.0,0.5448827,113.0,232.0,0.6653673,112.0,201.0,0.3614159,92.0,210.0,0.49390915,92.0,191.0,0.35637686,80.0,189.0,0.7372943
guy3_cobra092.jpg,130.0,197.0,0.8621225,137.0,190.0,0.65594167,128.0,190.0,0.693678,152.0,188.0,0.81251353,132.0,188.0,0.6179499,176.0,203.0,0.6712316,132.0,200.0,0.58345234,198.0,225.0,0.7244333,138.0,222.0,0.7616893,185.0,261.0,0.9095733,126.0,247.0,0.68805844,186.0,234.0,0.5619898,163.0,232.0,0.52735734,213.0,214.0,0.6069286,191.0,208.0,0.33091936,235.0,196.0,0.6950467,209.0,196.0,0.5286917
guy3_cobra092_flipped.jpg,170.0,198.0,0.82602996,173.0,190.0,0.78542554,164.0,191.0,0.82284844,168.0,189.0,0.6635212,147.0,188.0,0.88530576,169.0,200.0,0.71331394,123.0,202.0,0.633911,162.0,221.0,0.6097816,103.0,225.0,0.8818709,172.0,247.0,0.7482056,115.0,261.0,0.8565571,136.0,231.0,0.55048305,113.0,230.0,0.6316215,106.0,204.0,0.38415888,87.0,212.0,0.6433356,82.0,190.0,0.58598894,67.0,194.0,0.8427275
guy3_cobra093.jpg,129.0,198.0,0.774879,135.0,191.0,0.8616358,127.0,191.0,0.73162603,151.0,189.0,0.8630026,132.0,189.0,0.6486194,176.0,203.0,0.61684114,132.0,202.0,0.561113,198.0,227.0,0.75412256,138.0,224.0,0.7036599,183.0,263.0,0.88230824,126.0,248.0,0.82377684,186.0,234.0,0.3490911,163.0,232.0,0.43175155,215.0,214.0,0.4982252,190.0,213.0,0.30123883,235.0,198.0,0.6487428,210.0,196.0,0.39393798
guy3_cobra093_flipped.jpg,172.0,198.0,0.85926974,173.0,190.0,0.60895306,165.0,192.0,0.63310134,167.0,189.0,0.6197275,149.0,189.0,0.82827085,168.0,200.0,0.79059553,123.0,202.0,0.722399,162.0,221.0,0.6216962,104.0,226.0,0.8585751,173.0,247.0,0.8904992,117.0,261.0,0.9047884,136.0,231.0,0.6216562,114.0,233.0,0.56716335,104.0,206.0,0.42036468,85.0,213.0,0.81918883,85.0,193.0,0.47675908,65.0,196.0,0.8215858
guy3_cobra094.jpg,127.0,199.0,0.72539026,134.0,192.0,0.8550721,125.0,192.0,0.61088204,149.0,190.0,0.9349517,131.0,191.0,0.5848881,174.0,207.0,0.6495873,130.0,204.0,0.6207281,197.0,229.0,0.81017756,139.0,226.0,0.72014654,183.0,263.0,0.9158198,126.0,249.0,0.73391175,183.0,237.0,0.50423884,161.0,235.0,0.48644805,214.0,218.0,0.652526,192.0,216.0,0.35846114,238.0,200.0,0.8948246,213.0,198.0,0.52542096
guy3_cobra094_flipped.jpg,173.0,199.0,0.84794235,174.0,192.0,0.8129554,166.0,193.0,0.87783486,169.0,191.0,0.59843874,150.0,190.0,0.88066983,170.0,202.0,0.82536864,125.0,203.0,0.5626893,163.0,224.0,0.7426009,103.0,228.0,0.7748217,174.0,250.0,0.88274133,117.0,263.0,0.8352839,135.0,235.0,0.65682346,112.0,235.0,0.64638615,100.0,211.0,0.5835551,84.0,216.0,0.67494696,82.0,194.0,0.4010936,63.0,196.0,0.7741387
guy3_cobra095.jpg,126.0,199.0,0.7504545,133.0,192.0,0.7720766,124.0,192.0,0.62945217,149.0,190.0,0.8550894,128.0,191.0,0.57324994,173.0,208.0,0.5975431,131.0,206.0,0.60539675,196.0,229.0,0.8151028,139.0,226.0,0.7557769,181.0,264.0,0.9021299,126.0,249.0,0.66501546,187.0,233.0,0.46371183,165.0,232.0,0.30451587,219.0,217.0,0.79374766,200.0,209.0,0.5582434,238.0,201.0,0.46671194,220.0,198.0,0.44157174
guy3_cobra095_flipped.jpg,175.0,199.0,0.794284,177.0,192.0,0.7481806,168.0,193.0,0.8585004,170.0,191.0,0.58394384,152.0,191.0,0.62831426,171.0,204.0,0.75217503,125.0,204.0,0.6619672,163.0,225.0,0.6608709,103.0,228.0,0.8645385,174.0,249.0,0.8145852,118.0,264.0,0.903345,135.0,236.0,0.6618657,112.0,236.0,0.6723399,102.0,210.0,0.5279295,83.0,218.0,0.79124427,80.0,195.0,0.5547685,60.0,200.0,0.78635925
guy3_cobra096.jpg,124.0,200.0,0.7559264,131.0,193.0,0.8193626,122.0,193.0,0.6055703,147.0,191.0,0.9240444,129.0,192.0,0.54232556,173.0,208.0,0.60231847,131.0,208.0,0.74709797,196.0,231.0,0.85765445,137.0,229.0,0.7705904,181.0,266.0,0.8776464,125.0,251.0,0.85620946,187.0,236.0,0.39419487,163.0,236.0,0.3854261,219.0,218.0,0.75974095,201.0,213.0,0.60951257,241.0,204.0,0.8603052,218.0,200.0,0.4865282
guy3_cobra096_flipped.jpg,176.0,199.0,0.87619025,177.0,193.0,0.50107265,169.0,193.0,0.78786874,170.0,191.0,0.6547457,153.0,191.0,0.8973699,170.0,205.0,0.6922482,127.0,205.0,0.557654,163.0,226.0,0.64754605,104.0,230.0,0.8998932,174.0,252.0,0.6723237,119.0,266.0,0.931386,137.0,238.0,0.6490842,114.0,238.0,0.6095164,103.0,211.0,0.41165277,84.0,217.0,0.70762575,76.0,197.0,0.37094092,69.0,198.0,0.6413562
guy3_cobra097.jpg,123.0,200.0,0.7466007,129.0,193.0,0.85743505,121.0,193.0,0.64296556,146.0,191.0,0.9246683,128.0,192.0,0.50103617,173.0,208.0,0.8095023,129.0,207.0,0.6519319,196.0,232.0,0.80873543,137.0,227.0,0.77950954,180.0,266.0,0.892969,124.0,252.0,0.77267635,186.0,237.0,0.54128367,164.0,237.0,0.413888,219.0,221.0,0.77058166,200.0,217.0,0.5863264,243.0,206.0,0.87787133,219.0,201.0,0.52557695
guy3_cobra097_flipped.jpg,177.0,200.0,0.78857696,178.0,193.0,0.8039491,170.0,194.0,0.89268386,172.0,192.0,0.59677374,154.0,192.0,0.89285725,171.0,205.0,0.6300422,128.0,206.0,0.6110543,164.0,227.0,0.6358489,105.0,232.0,0.931773,174.0,252.0,0.67892104,120.0,266.0,0.84672153,136.0,240.0,0.7106396,114.0,240.0,0.7481818,100.0,215.0,0.58344936,81.0,221.0,0.773016,84.0,200.0,0.47951776,56.0,204.0,0.9105352
guy3_cobra098.jpg,121.0,200.0,0.64687717,128.0,193.0,0.6551452,120.0,193.0,0.51165795,145.0,193.0,0.7609755,126.0,193.0,0.6115047,172.0,208.0,0.709476,128.0,210.0,0.7079236,194.0,233.0,0.83241844,137.0,230.0,0.78443235,178.0,267.0,0.9591032,124.0,252.0,0.80594444,189.0,235.0,0.5852195,168.0,234.0,0.36410114,219.0,221.0,0.77665114,203.0,216.0,0.6160306,246.0,208.0,0.7658497,224.0,202.0,0.61138046
guy3_cobra098_flipped.jpg,178.0,200.0,0.7590551,180.0,194.0,0.70762956,171.0,194.0,0.8110261,174.0,193.0,0.5551443,155.0,193.0,0.6251501,172.0,207.0,0.6476314,128.0,207.0,0.6341356,164.0,226.0,0.6598667,106.0,233.0,0.8118203,174.0,252.0,0.7735025,121.0,267.0,0.9026518,132.0,238.0,0.65668666,111.0,239.0,0.7198318,100.0,218.0,0.6045408,78.0,222.0,0.8225426,73.0,200.0,0.76760644,52.0,206.0,0.70100224
guy3_cobra099.jpg,121.0,201.0,0.6799741,128.0,194.0,0.6612967,119.0,194.0,0.5917965,144.0,193.0,0.90281636,126.0,193.0,0.6291313,172.0,209.0,0.7600175,127.0,211.0,0.722206,195.0,235.0,0.72434294,138.0,233.0,0.6804594,178.0,269.0,0.96058375,124.0,254.0,0.5797734,191.0,235.0,0.5835013,168.0,235.0,0.3784918,221.0,223.0,0.6537869,205.0,217.0,0.61474836,244.0,208.0,0.50348943,222.0,204.0,0.58585024
guy3_cobra099_flipped.jpg,180.0,201.0,0.6950802,181.0,194.0,0.8086322,173.0,195.0,0.773227,175.0,193.0,0.678668,156.0,193.0,0.72205144,174.0,206.0,0.6990087,128.0,208.0,0.6856948,164.0,228.0,0.6968832,106.0,235.0,0.75926113,175.0,253.0,0.7631767,122.0,268.0,0.94538677,131.0,239.0,0.6791117,110.0,240.0,0.7147926,98.0,217.0,0.7264371,79.0,223.0,0.7388757,74.0,203.0,0.6184052,53.0,208.0,0.8870957
guy3_cobra100.jpg,118.0,201.0,0.67685115,125.0,194.0,0.6244,117.0,193.0,0.7879657,142.0,193.0,0.93566906,125.0,193.0,0.7112688,169.0,211.0,0.7484509,126.0,210.0,0.7072859,193.0,236.0,0.7478738,136.0,233.0,0.7728504,178.0,269.0,0.8880891,122.0,255.0,0.6788882,191.0,235.0,0.7239355,167.0,234.0,0.39250594,225.0,223.0,0.84520864,203.0,218.0,0.5103642,248.0,210.0,0.754334,217.0,206.0,0.27614087
guy3_cobra100_flipped.jpg,182.0,201.0,0.7979176,183.0,194.0,0.86586404,174.0,195.0,0.85079217,175.0,193.0,0.6617272,157.0,194.0,0.8301234,175.0,207.0,0.7550075,129.0,208.0,0.6846266,165.0,230.0,0.62252426,106.0,236.0,0.9457129,175.0,253.0,0.9138484,123.0,269.0,0.89994913,134.0,241.0,0.69668627,111.0,241.0,0.748943,99.0,219.0,0.7497729,79.0,226.0,0.62033725,73.0,204.0,0.6423959,53.0,209.0,0.8704793
guy3_cobra101.jpg,117.0,201.0,0.8551201,123.0,194.0,0.889702,116.0,194.0,0.72785527,141.0,194.0,0.8529794,124.0,193.0,0.6237693,170.0,211.0,0.8134124,127.0,214.0,0.7511647,193.0,237.0,0.67472076,135.0,235.0,0.7969229,176.0,270.0,0.8582537,122.0,256.0,0.6884202,190.0,237.0,0.59166324,169.0,237.0,0.42987826,221.0,226.0,0.73400724,203.0,221.0,0.5744659,249.0,211.0,0.8361318,233.0,205.0,0.5589216
guy3_cobra101_flipped.jpg,183.0,202.0,0.7724844,184.0,195.0,0.8303788,176.0,195.0,0.85473305,177.0,194.0,0.68644416,159.0,194.0,0.7966027,174.0,210.0,0.66301227,130.0,210.0,0.7164208,165.0,232.0,0.7702814,106.0,237.0,0.913692,176.0,255.0,0.73580813,124.0,270.0,0.87919617,131.0,243.0,0.7102679,111.0,243.0,0.71531856,99.0,221.0,0.68542016,78.0,228.0,0.84050024,66.0,205.0,0.70335996,50.0,210.0,0.79605937
guy3_cobra102.jpg,116.0,202.0,0.77364576,122.0,195.0,0.7008735,115.0,195.0,0.6647272,140.0,194.0,0.9197895,123.0,194.0,0.57563233,168.0,211.0,0.8078555,125.0,212.0,0.76021934,193.0,237.0,0.6305399,136.0,234.0,0.8680227,176.0,270.0,0.8590289,122.0,256.0,0.8656169,190.0,238.0,0.67847466,169.0,237.0,0.45747682,222.0,226.0,0.7729614,204.0,221.0,0.6278864,248.0,212.0,0.6719109,227.0,207.0,0.36305308
guy3_cobra102_flipped.jpg,184.0,202.0,0.8907729,185.0,195.0,0.7301193,177.0,196.0,0.88799274,177.0,195.0,0.70313513,160.0,195.0,0.8233393,176.0,208.0,0.7097371,131.0,210.0,0.6128671,164.0,231.0,0.75851756,107.0,237.0,0.838989,175.0,255.0,0.71754706,125.0,271.0,0.91370827,131.0,241.0,0.6920713,111.0,241.0,0.7846322,98.0,221.0,0.75095713,78.0,229.0,0.8415437,66.0,206.0,0.7375065,49.0,213.0,0.8771599
guy3_cobra103.jpg,114.0,202.0,0.89003736,121.0,195.0,0.9182343,113.0,195.0,0.80614495,138.0,194.0,0.841134,122.0,194.0,0.7099596,167.0,212.0,0.7566714,125.0,214.0,0.75253326,192.0,238.0,0.7067631,136.0,237.0,0.8147942,174.0,271.0,0.86320466,122.0,256.0,0.6767161,191.0,238.0,0.6620204,171.0,236.0,0.43090358,225.0,225.0,0.7931845,205.0,222.0,0.5781368,251.0,214.0,0.78195816,226.0,208.0,0.39197543
guy3_cobra103_flipped.jpg,185.0,202.0,0.79707724,187.0,196.0,0.6566262,179.0,196.0,0.7556371,179.0,195.0,0.5881486,162.0,195.0,0.7902802,176.0,211.0,0.7470362,133.0,210.0,0.67393136,164.0,233.0,0.66747785,108.0,238.0,0.7783322,177.0,255.0,0.81144524,126.0,271.0,0.7091994,130.0,242.0,0.707093,111.0,242.0,0.8138901,99.0,223.0,0.6813003,77.0,231.0,0.823925,65.0,208.0,0.5623707,48.0,215.0,0.8561466
guy3_cobra104.jpg,113.0,203.0,0.89705837,119.0,196.0,0.83130485,111.0,196.0,0.7109322,137.0,195.0,0.6761235,120.0,195.0,0.6121664,165.0,212.0,0.7602005,124.0,213.0,0.76073074,191.0,239.0,0.6371608,135.0,237.0,0.7794549,173.0,272.0,0.8653282,122.0,256.0,0.78430754,191.0,239.0,0.7020893,170.0,238.0,0.41913256,225.0,227.0,0.6848012,205.0,222.0,0.6419443,253.0,215.0,0.82929623,233.0,208.0,0.48797777
guy3_cobra104_flipped.jpg,187.0,203.0,0.69599485,188.0,196.0,0.8213122,180.0,196.0,0.79104114,180.0,195.0,0.6594714,163.0,196.0,0.8804112,177.0,211.0,0.8176867,133.0,211.0,0.67127573,165.0,231.0,0.5960642,108.0,237.0,0.88671243,177.0,255.0,0.8601065,126.0,272.0,0.8602371,129.0,239.0,0.6460149,110.0,241.0,0.7380941,97.0,221.0,0.6843984,76.0,230.0,0.87487715,71.0,209.0,0.55947167,46.0,216.0,0.8144731
guy3_cobra105.jpg,111.0,203.0,0.8828263,117.0,196.0,0.7387242,110.0,196.0,0.76181734,135.0,196.0,0.84707767,119.0,196.0,0.7175184,163.0,212.0,0.7802948,124.0,217.0,0.8440039,190.0,239.0,0.6365205,134.0,239.0,0.82617915,172.0,272.0,0.9329146,121.0,257.0,0.7686903,194.0,238.0,0.7357826,175.0,238.0,0.38522232,226.0,229.0,0.53755903,209.0,222.0,0.6819501,256.0,216.0,0.83219403,237.0,210.0,0.47725603
guy3_cobra105_flipped.jpg,189.0,203.0,0.8231973,190.0,196.0,0.5436479,182.0,197.0,0.841488,181.0,196.0,0.48981854,165.0,197.0,0.84985155,177.0,214.0,0.8146479,135.0,211.0,0.62144136,165.0,234.0,0.77422374,109.0,238.0,0.7477978,178.0,255.0,0.8674727,128.0,273.0,0.76232445,129.0,240.0,0.6897793,112.0,240.0,0.7392614,99.0,224.0,0.69428253,77.0,231.0,0.7928345,77.0,211.0,0.3298512,46.0,216.0,0.7924244
guy3_cobra106.jpg,109.0,204.0,0.85933554,115.0,197.0,0.74002594,108.0,197.0,0.7528322,134.0,197.0,0.86084557,118.0,197.0,0.6953014,162.0,214.0,0.6790837,123.0,219.0,0.69255775,189.0,240.0,0.66424525,132.0,240.0,0.7658344,170.0,272.0,0.9646277,121.0,257.0,0.7722459,193.0,240.0,0.76150686,176.0,238.0,0.4831041,227.0,229.0,0.6663202,209.0,224.0,0.70030046,258.0,218.0,0.86653954,229.0,212.0,0.4469038
guy3_cobra106_flipped.jpg,190.0,204.0,0.75831676,191.0,197.0,0.61456776,183.0,197.0,0.7025758,182.0,196.0,0.5337316,166.0,197.0,0.87380624,177.0,215.0,0.8480737,136.0,212.0,0.59626734,165.0,232.0,0.6373458,109.0,238.0,0.76688635,177.0,256.0,0.7815976,128.0,272.0,0.87308794,125.0,240.0,0.65578985,110.0,241.0,0.7994405,95.0,224.0,0.84569365,73.0,231.0,0.7802638,70.0,212.0,0.6234486,44.0,217.0,0.88163984
guy3_cobra107.jpg,108.0,205.0,0.82934153,114.0,198.0,0.8998234,107.0,198.0,0.8331141,131.0,198.0,0.9039603,116.0,197.0,0.697842,162.0,214.0,0.67131555,122.0,220.0,0.7499999,189.0,240.0,0.67456603,133.0,241.0,0.7683804,170.0,273.0,0.9361253,120.0,258.0,0.79559934,193.0,241.0,0.70760727,176.0,239.0,0.4795967,227.0,230.0,0.49592662,209.0,226.0,0.73491305,259.0,218.0,0.8584414,230.0,213.0,0.3510737
guy3_cobra107_flipped.jpg,191.0,205.0,0.82025677,192.0,198.0,0.66597044,185.0,198.0,0.7353245,184.0,198.0,0.5952878,167.0,198.0,0.56281126,178.0,215.0,0.8007588,136.0,213.0,0.67066175,166.0,233.0,0.5518302,110.0,238.0,0.89508784,178.0,256.0,0.8647134,129.0,272.0,0.8818722,130.0,242.0,0.70431316,113.0,243.0,0.79269284,96.0,225.0,0.6789142,76.0,233.0,0.7901408,79.0,214.0,0.22495666,44.0,219.0,0.8905226
guy3_cobra108.jpg,106.0,206.0,0.6548329,112.0,199.0,0.831549,106.0,199.0,0.63958514,130.0,197.0,0.91403073,115.0,198.0,0.5320299,160.0,214.0,0.7035569,121.0,220.0,0.6667402,188.0,240.0,0.7532209,132.0,240.0,0.7758161,169.0,273.0,0.93105173,121.0,258.0,0.9162656,190.0,244.0,0.65100205,173.0,243.0,0.45181993,223.0,231.0,0.5372199,207.0,228.0,0.6997997,258.0,219.0,0.7428466,224.0,215.0,0.512481
guy3_cobra108_flipped.jpg,194.0,206.0,0.8893906,195.0,199.0,0.7549734,187.0,199.0,0.6948418,186.0,198.0,0.65435076,169.0,198.0,0.6046206,180.0,217.0,0.78276634,138.0,213.0,0.68165076,167.0,233.0,0.57515824,111.0,238.0,0.86980826,178.0,257.0,0.86770934,131.0,273.0,0.8275709,128.0,242.0,0.69660974,112.0,243.0,0.7993963,96.0,227.0,0.6128913,74.0,232.0,0.76594627,72.0,213.0,0.34720927,43.0,219.0,0.8715289
guy3_cobra109.jpg,105.0,207.0,0.57377696,111.0,200.0,0.8427458,104.0,200.0,0.7103369,128.0,200.0,0.83550763,113.0,199.0,0.5572665,157.0,216.0,0.55588967,120.0,219.0,0.74742496,187.0,241.0,0.56230164,132.0,240.0,0.77458644,168.0,273.0,0.87700737,122.0,258.0,0.87609524,189.0,243.0,0.66825485,174.0,243.0,0.5035762,223.0,234.0,0.5672872,208.0,229.0,0.7153106,261.0,221.0,0.7255136,229.0,216.0,0.46736506
guy3_cobra109_flipped.jpg,195.0,207.0,0.787789,196.0,200.0,0.7455006,188.0,200.0,0.8683819,187.0,199.0,0.7357869,171.0,199.0,0.8789483,181.0,216.0,0.7722261,140.0,214.0,0.6789844,167.0,233.0,0.6474829,112.0,239.0,0.65398383,177.0,257.0,0.87078017,131.0,273.0,0.8430625,129.0,241.0,0.69428813,114.0,243.0,0.82066965,98.0,228.0,0.63292634,74.0,234.0,0.7446578,71.0,215.0,0.38692373,42.0,220.0,0.86884993
guy3_cobra110.jpg,103.0,207.0,0.7163615,108.0,201.0,0.8589914,101.0,201.0,0.7133734,126.0,200.0,0.8245338,111.0,200.0,0.63568985,155.0,215.0,0.6941228,121.0,216.0,0.64107615,186.0,239.0,0.55918294,130.0,238.0,0.7391026,167.0,271.0,0.9565753,120.0,257.0,0.84254545,190.0,241.0,0.7252021,175.0,242.0,0.5427556,228.0,230.0,0.54859066,209.0,227.0,0.49684468,263.0,222.0,0.82882124,246.0,215.0,0.48696268
guy3_cobra110_flipped.jpg,197.0,208.0,0.85964924,198.0,200.0,0.81877106,191.0,201.0,0.8390451,187.0,199.0,0.7519709,173.0,200.0,0.6795939,181.0,216.0,0.7831592,141.0,214.0,0.71361697,168.0,233.0,0.68646294,113.0,238.0,0.8451768,177.0,256.0,0.8762824,133.0,273.0,0.68695235,126.0,242.0,0.6323391,111.0,244.0,0.8189378,96.0,228.0,0.58552456,72.0,234.0,0.85391945,67.0,215.0,0.40182593,41.0,221.0,0.85715187
guy3_cobra111.jpg,101.0,209.0,0.8515616,106.0,201.0,0.8050666,100.0,202.0,0.85221946,123.0,201.0,0.8774417,110.0,200.0,0.6279081,153.0,216.0,0.6269931,118.0,218.0,0.54671717,185.0,240.0,0.5364188,129.0,236.0,0.5561614,165.0,271.0,0.93662655,122.0,254.0,0.7390333,189.0,244.0,0.6910745,177.0,243.0,0.5601466,223.0,231.0,0.45123148,211.0,228.0,0.5952463,263.0,222.0,0.82375073,229.0,216.0,0.24115011
guy3_cobra111_flipped.jpg,199.0,208.0,0.8866547,199.0,201.0,0.8465444,193.0,201.0,0.7491405,189.0,201.0,0.75868756,174.0,201.0,0.7390183,182.0,217.0,0.7740661,143.0,215.0,0.74104846,169.0,231.0,0.62465256,114.0,238.0,0.7683223,177.0,256.0,0.77714556,133.0,273.0,0.89544755,128.0,243.0,0.67181605,113.0,245.0,0.7824545,89.0,226.0,0.793507,73.0,236.0,0.8968184,55.0,216.0,0.55264115,40.0,222.0,0.8086514
guy3_cobra112.jpg,99.0,210.0,0.85015076,105.0,202.0,0.619364,99.0,203.0,0.6767874,122.0,201.0,0.9471481,109.0,201.0,0.70980036,151.0,217.0,0.7335291,118.0,220.0,0.65129864,185.0,240.0,0.53641903,128.0,237.0,0.58150864,166.0,271.0,0.9528182,122.0,254.0,0.7979641,189.0,244.0,0.59392965,177.0,242.0,0.5733149,223.0,234.0,0.38879547,211.0,229.0,0.5860164,263.0,223.0,0.8342005,224.0,219.0,0.3813263
guy3_cobra112_flipped.jpg,201.0,210.0,0.748471,201.0,203.0,0.60713816,194.0,203.0,0.6845616,190.0,202.0,0.52628005,176.0,203.0,0.8614705,183.0,218.0,0.76167774,147.0,217.0,0.60607994,170.0,233.0,0.622248,115.0,238.0,0.83874726,177.0,254.0,0.7724986,135.0,272.0,0.7823962,128.0,242.0,0.5898073,115.0,245.0,0.8531867,90.0,227.0,0.79345465,72.0,237.0,0.8946424,52.0,217.0,0.62490004,39.0,223.0,0.8385118
guy3_cobra113.jpg,98.0,211.0,0.8195518,103.0,204.0,0.813844,98.0,204.0,0.7461602,120.0,203.0,0.7694034,109.0,202.0,0.6946166,146.0,218.0,0.6801553,118.0,222.0,0.6752026,182.0,238.0,0.48016188,128.0,238.0,0.4883126,164.0,270.0,0.8485405,122.0,253.0,0.82153887,190.0,243.0,0.6297647,182.0,241.0,0.6127061,223.0,233.0,0.38825828,215.0,230.0,0.5199525,264.0,223.0,0.80961156,249.0,221.0,0.27970818
guy3_cobra113_flipped.jpg,202.0,211.0,0.65714604,202.0,204.0,0.83160174,196.0,205.0,0.848048,190.0,204.0,0.5792434,178.0,204.0,0.79226226,183.0,218.0,0.8006044,151.0,219.0,0.56841123,171.0,233.0,0.57988083,115.0,239.0,0.81253046,177.0,255.0,0.78052837,134.0,272.0,0.79448825,128.0,241.0,0.49764624,114.0,243.0,0.8253206,88.0,226.0,0.6200803,72.0,233.0,0.71152914,70.0,218.0,0.35443282,37.0,222.0,0.7852521
guy3_cobra114.jpg,96.0,212.0,0.82107043,101.0,205.0,0.7445903,96.0,205.0,0.6764161,119.0,204.0,0.869105,109.0,204.0,0.5139434,147.0,218.0,0.6284039,119.0,221.0,0.7554844,181.0,238.0,0.51433396,132.0,242.0,0.53137875,163.0,270.0,0.69390464,123.0,254.0,0.81884646,190.0,242.0,0.58473176,183.0,241.0,0.6464802,226.0,233.0,0.54131293,214.0,230.0,0.3357479,265.0,224.0,0.8213945,254.0,219.0,0.42543215
guy3_cobra114_flipped.jpg,204.0,211.0,0.8243368,204.0,205.0,0.485595,198.0,205.0,0.64281464,193.0,204.0,0.57453775,180.0,204.0,0.7231084,184.0,218.0,0.76695645,152.0,220.0,0.71377325,171.0,233.0,0.5443426,116.0,239.0,0.69749135,177.0,253.0,0.8431259,135.0,270.0,0.8357732,125.0,243.0,0.5898169,113.0,246.0,0.82302916,85.0,226.0,0.7617641,70.0,236.0,0.78252125,47.0,219.0,0.40686056,35.0,223.0,0.8873298
guy3_cobra115.jpg,94.0,212.0,0.7967967,99.0,206.0,0.78289133,95.0,206.0,0.74957967,117.0,205.0,0.6776097,108.0,205.0,0.6091449,145.0,219.0,0.7029661,117.0,222.0,0.71774864,180.0,238.0,0.55775523,130.0,240.0,0.43602064,164.0,270.0,0.83506316,121.0,254.0,0.7387785,191.0,243.0,0.68479824,185.0,241.0,0.5864804,224.0,234.0,0.41087583,215.0,227.0,0.49814266,267.0,225.0,0.8080549,252.0,220.0,0.4992988
guy3_cobra115_flipped.jpg,205.0,212.0,0.69819814,205.0,206.0,0.8703501,200.0,207.0,0.8809436,192.0,205.0,0.7328708,182.0,206.0,0.85588443,184.0,218.0,0.79461396,153.0,220.0,0.6916301,171.0,232.0,0.43326578,117.0,238.0,0.6835276,176.0,254.0,0.86147964,136.0,270.0,0.8994604,126.0,240.0,0.6905253,114.0,243.0,0.76340663,85.0,227.0,0.64522314,70.0,238.0,0.83970964,65.0,219.0,0.32735485,36.0,224.0,0.82205087
guy3_cobra116.jpg,93.0,213.0,0.78619504,98.0,206.0,0.822533,93.0,207.0,0.7689006,115.0,205.0,0.6231725,107.0,205.0,0.5041572,141.0,219.0,0.66385186,118.0,222.0,0.77717257,179.0,237.0,0.62372804,133.0,239.0,0.39264268,163.0,268.0,0.87504256,122.0,253.0,0.8263804,190.0,243.0,0.6958716,186.0,240.0,0.54542744,225.0,232.0,0.496618,216.0,229.0,0.36545202,267.0,225.0,0.7062149,250.0,219.0,0.49885
guy3_cobra116_flipped.jpg,206.0,214.0,0.8304012,206.0,208.0,0.7437548,201.0,208.0,0.7670476,193.0,207.0,0.6976623,183.0,207.0,0.84713745,185.0,219.0,0.7349644,154.0,220.0,0.7840571,172.0,232.0,0.43425193,117.0,237.0,0.70374316,176.0,253.0,0.88342726,136.0,269.0,0.8479432,127.0,238.0,0.6779603,115.0,243.0,0.8282681,86.0,226.0,0.72643924,70.0,236.0,0.83822644,65.0,219.0,0.5275034,33.0,224.0,0.8017782
guy3_cobra117.jpg,91.0,215.0,0.84322107,96.0,208.0,0.5055896,93.0,208.0,0.6748079,115.0,207.0,0.91534555,108.0,207.0,0.7402996,143.0,220.0,0.6038731,118.0,223.0,0.5756904,177.0,237.0,0.43862027,130.0,241.0,0.36830264,162.0,268.0,0.8145597,122.0,255.0,0.74970293,191.0,243.0,0.6962799,186.0,242.0,0.61383057,224.0,234.0,0.39263552,218.0,231.0,0.5846694,269.0,225.0,0.8050473,256.0,220.0,0.5526448
guy3_cobra117_flipped.jpg,208.0,214.0,0.82988906,207.0,208.0,0.8547983,202.0,208.0,0.8071609,195.0,207.0,0.6979394,184.0,207.0,0.84865427,187.0,219.0,0.63870263,155.0,221.0,0.7604013,172.0,232.0,0.38537672,118.0,236.0,0.6762695,176.0,252.0,0.7565886,136.0,268.0,0.67024946,126.0,239.0,0.67806065,115.0,243.0,0.80294895,82.0,226.0,0.79351574,69.0,237.0,0.7958827,62.0,219.0,0.418097,32.0,224.0,0.81055313
guy3_cobra118.jpg,90.0,216.0,0.6914631,95.0,209.0,0.8514838,91.0,210.0,0.85247135,113.0,207.0,0.8268373,106.0,208.0,0.671257,138.0,221.0,0.7034254,119.0,221.0,0.50527716,177.0,237.0,0.47683474,137.0,239.0,0.2644765,162.0,267.0,0.8850103,122.0,253.0,0.699763,190.0,242.0,0.680928,186.0,238.0,0.47641546,228.0,233.0,0.49410284,220.0,227.0,0.6227107,270.0,225.0,0.80514765,255.0,220.0,0.41731015
guy3_cobra118_flipped.jpg,209.0,215.0,0.7662336,208.0,208.0,0.7921947,204.0,209.0,0.8078353,194.0,207.0,0.73657453,185.0,208.0,0.60122585,184.0,219.0,0.7623243,158.0,221.0,0.78714967,170.0,230.0,0.3681358,117.0,235.0,0.58990026,177.0,251.0,0.7571317,136.0,266.0,0.79738384,122.0,237.0,0.7012843,113.0,241.0,0.7750619,80.0,226.0,0.8207783,66.0,237.0,0.84372437,45.0,218.0,0.60030615,30.0,224.0,0.79075307
guy3_cobra119.jpg,89.0,217.0,0.6484494,94.0,210.0,0.70155776,90.0,210.0,0.62438536,111.0,208.0,0.89429337,104.0,209.0,0.6933816,138.0,221.0,0.70538795,119.0,221.0,0.5351526,176.0,236.0,0.45767954,138.0,240.0,0.40545738,160.0,267.0,0.80746937,122.0,253.0,0.65990233,189.0,242.0,0.63491654,185.0,237.0,0.4592783,228.0,236.0,0.52924454,220.0,228.0,0.5480119,272.0,226.0,0.8333995,259.0,220.0,0.4104453
guy3_cobra119_flipped.jpg,210.0,217.0,0.8214249,209.0,210.0,0.6640136,205.0,210.0,0.6186499,195.0,209.0,0.62434727,186.0,209.0,0.87800914,184.0,219.0,0.7318138,160.0,222.0,0.7613356,170.0,231.0,0.3954541,119.0,236.0,0.62442863,177.0,253.0,0.55768955,136.0,266.0,0.6736773,121.0,235.0,0.7173619,112.0,240.0,0.74979836,81.0,226.0,0.68698037,68.0,236.0,0.753856,42.0,217.0,0.5284137,29.0,223.0,0.8995135
guy3_cobra120.jpg,89.0,217.0,0.7977764,93.0,211.0,0.77139395,90.0,211.0,0.68120086,111.0,208.0,0.8913286,104.0,209.0,0.7024571,137.0,220.0,0.7417247,119.0,220.0,0.54123783,177.0,235.0,0.5593889,141.0,239.0,0.3554034,161.0,264.0,0.70126855,124.0,252.0,0.73131746,188.0,239.0,0.7129065,185.0,236.0,0.56353426,229.0,234.0,0.31835175,224.0,228.0,0.63762045,271.0,226.0,0.7280096,264.0,223.0,0.46102697
guy3_cobra120_flipped.jpg,212.0,218.0,0.69160485,212.0,211.0,0.8037887,206.0,211.0,0.7924212,198.0,209.0,0.7027383,187.0,210.0,0.86023855,185.0,218.0,0.70525664,163.0,223.0,0.7493478,167.0,227.0,0.1995596,120.0,233.0,0.5901571,177.0,252.0,0.63777924,137.0,263.0,0.7710114,121.0,234.0,0.6902191,113.0,240.0,0.74560726,80.0,225.0,0.807976,67.0,235.0,0.7797822,41.0,219.0,0.36335784,28.0,224.0,0.8234827
guy3_cobra121.jpg,88.0,217.0,0.7332123,92.0,211.0,0.79862714,89.0,211.0,0.76693344,109.0,208.0,0.5504525,102.0,209.0,0.45441768,134.0,220.0,0.6553701,117.0,220.0,0.71973187,176.0,234.0,0.5268546,140.0,238.0,0.36326727,161.0,263.0,0.897508,124.0,251.0,0.6737344,187.0,240.0,0.5411011,185.0,235.0,0.46031207,230.0,233.0,0.56198585,224.0,228.0,0.62212825,273.0,226.0,0.8140365,264.0,222.0,0.59508455
guy3_cobra121_flipped.jpg,212.0,218.0,0.83703876,211.0,212.0,0.63263893,206.0,211.0,0.6087605,196.0,210.0,0.7274388,188.0,209.0,0.67226046,184.0,219.0,0.72908413,162.0,221.0,0.74174756,172.0,231.0,0.43487886,120.0,233.0,0.54839396,177.0,249.0,0.79057944,138.0,263.0,0.79400307,120.0,235.0,0.74257714,112.0,239.0,0.70966953,78.0,227.0,0.61506546,67.0,232.0,0.6600779,51.0,221.0,0.23345736,28.0,224.0,0.78422475
guy3_cobra122.jpg,86.0,217.0,0.7881363,90.0,211.0,0.73017526,88.0,211.0,0.7880289,108.0,208.0,0.88842356,102.0,208.0,0.6497545,130.0,219.0,0.61550534,117.0,217.0,0.70394605,175.0,232.0,0.5010506,138.0,233.0,0.21520373,160.0,261.0,0.8568587,124.0,250.0,0.7327399,188.0,239.0,0.75615513,186.0,234.0,0.6161052,227.0,233.0,0.55290854,222.0,228.0,0.46721587,273.0,226.0,0.75797784,265.0,221.0,0.6106459
guy3_cobra122_flipped.jpg,212.0,218.0,0.82654333,212.0,212.0,0.60533,207.0,211.0,0.6307111,198.0,209.0,0.7092726,189.0,209.0,0.8682979,184.0,216.0,0.5722257,164.0,220.0,0.75051725,166.0,228.0,0.2835809,120.0,231.0,0.62867546,178.0,249.0,0.63570964,138.0,260.0,0.675207,122.0,234.0,0.66684806,114.0,237.0,0.7626079,78.0,226.0,0.7231103,67.0,232.0,0.5735739,58.0,219.0,0.202467,26.0,223.0,0.8160288
guy3_cobra123.jpg,87.0,218.0,0.7733472,90.0,211.0,0.7340994,87.0,211.0,0.6860486,107.0,208.0,0.85247004,101.0,208.0,0.45573,131.0,218.0,0.6836841,116.0,215.0,0.6597838,176.0,231.0,0.5964464,141.0,225.0,0.10574288,160.0,259.0,0.7695173,123.0,247.0,0.55080175,190.0,236.0,0.7445477,187.0,228.0,0.58117986,228.0,232.0,0.586935,219.0,224.0,0.45557356,275.0,224.0,0.73894656,264.0,218.0,0.69658387
guy3_cobra123_flipped.jpg,213.0,218.0,0.72579265,212.0,211.0,0.6114286,209.0,211.0,0.45253202,197.0,209.0,0.70351636,191.0,209.0,0.8562787,184.0,215.0,0.72759974,167.0,219.0,0.7442864,166.0,227.0,0.2247186,122.0,230.0,0.55790484,179.0,247.0,0.66360134,138.0,259.0,0.62990975,119.0,230.0,0.72364414,112.0,234.0,0.7522134,77.0,224.0,0.60615844,65.0,230.0,0.669616,52.0,216.0,0.30881903,26.0,222.0,0.8100114
guy3_cobra124_flipped.jpg,215.0,217.0,0.5704823,214.0,211.0,0.7558208,211.0,211.0,0.70418227,199.0,208.0,0.6729723,192.0,208.0,0.8408375,186.0,214.0,0.5904058,168.0,220.0,0.71958977,160.0,222.0,0.1959355,124.0,229.0,0.45524108,179.0,244.0,0.7695134,141.0,257.0,0.565222,117.0,229.0,0.74318075,112.0,233.0,0.7776205,74.0,223.0,0.6524869,65.0,230.0,0.7396116,33.0,217.0,0.4851983,26.0,221.0,0.70829505
guy3_cobra125.jpg,85.0,215.0,0.78718483,87.0,209.0,0.64094645,85.0,209.0,0.6098209,104.0,206.0,0.6547422,100.0,206.0,0.57703173,123.0,213.0,0.741187,115.0,210.0,0.5356624,173.0,225.0,0.48619506,134.0,219.0,0.103295766,158.0,253.0,0.8173065,120.0,243.0,0.4312592,187.0,231.0,0.69378906,186.0,224.0,0.5854993,230.0,228.0,0.7054621,225.0,221.0,0.5728072,277.0,220.0,0.6601467,267.0,215.0,0.5014391
guy3_cobra125_flipped.jpg,217.0,215.0,0.5819851,216.0,210.0,0.7024926,212.0,209.0,0.7911149,201.0,207.0,0.5338931,194.0,207.0,0.7179984,187.0,211.0,0.5674659,170.0,217.0,0.66837615,166.0,218.0,0.157995,127.0,224.0,0.36096773,181.0,242.0,0.73177457,141.0,253.0,0.40084076,118.0,225.0,0.76134235,112.0,230.0,0.77352196,75.0,221.0,0.62592864,66.0,227.0,0.6412072,31.0,213.0,0.5554945,24.0,217.0,0.7891862
guy3_cobra126.jpg,84.0,213.0,0.7905439,86.0,207.0,0.7090814,84.0,207.0,0.60324025,102.0,204.0,0.8584006,98.0,204.0,0.57592595,125.0,212.0,0.73260367,113.0,207.0,0.54028857,173.0,224.0,0.47390547,142.0,210.0,0.19061379,157.0,250.0,0.7938333,120.0,238.0,0.44246456,188.0,229.0,0.7058461,185.0,219.0,0.6112686,228.0,226.0,0.574135,220.0,219.0,0.37398073,277.0,218.0,0.7256,251.0,210.0,0.41224003
guy3_cobra126_flipped.jpg,218.0,214.0,0.63690764,218.0,208.0,0.4380613,214.0,208.0,0.628193,203.0,205.0,0.54001284,196.0,204.0,0.74990594,187.0,209.0,0.6518586,173.0,214.0,0.6812129,165.0,216.0,0.18534824,126.0,221.0,0.43965068,181.0,238.0,0.42070627,143.0,250.0,0.6609776,117.0,223.0,0.7809073,111.0,227.0,0.7859039,73.0,218.0,0.60903454,65.0,223.0,0.73035294,28.0,213.0,0.5642034,24.0,217.0,0.75444305
guy3_cobra127.jpg,81.0,212.0,0.7638064,83.0,206.0,0.7193579,81.0,206.0,0.76667076,100.0,202.0,0.75016314,95.0,202.0,0.6516131,121.0,209.0,0.6663449,113.0,206.0,0.64897144,170.0,221.0,0.3929899,145.0,208.0,0.23075975,154.0,247.0,0.7853874,121.0,236.0,0.44596902,185.0,226.0,0.7295126,185.0,218.0,0.57445204,228.0,223.0,0.7371626,223.0,217.0,0.49512637,275.0,215.0,0.70834255,265.0,210.0,0.67898935
guy3_cobra127_flipped.jpg,219.0,213.0,0.6894833,219.0,207.0,0.57982314,215.0,206.0,0.5955677,204.0,203.0,0.64100343,197.0,202.0,0.60179365,188.0,205.0,0.6535864,174.0,210.0,0.6323488,167.0,210.0,0.1399768,127.0,216.0,0.4269272,183.0,236.0,0.48263758,144.0,246.0,0.6177465,120.0,221.0,0.7391245,114.0,224.0,0.77605665,77.0,217.0,0.64977133,68.0,221.0,0.7048851,32.0,210.0,0.4968508,26.0,213.0,0.75464517
guy3_cobra128.jpg,80.0,211.0,0.6776801,82.0,205.0,0.58472645,81.0,204.0,0.5472349,98.0,200.0,0.7093959,95.0,200.0,0.71565855,119.0,207.0,0.6653061,116.0,200.0,0.5479851,168.0,218.0,0.35881993,148.0,204.0,0.27233517,152.0,242.0,0.69110966,134.0,231.0,0.1840216,187.0,223.0,0.65151894,187.0,212.0,0.55394816,228.0,220.0,0.6352559,224.0,213.0,0.40675554,274.0,210.0,0.5498144,267.0,207.0,0.6739752
guy3_cobra128_flipped.jpg,220.0,210.0,0.60482764,220.0,204.0,0.7248734,217.0,204.0,0.81892407,204.0,201.0,0.5280647,199.0,200.0,0.7847496,188.0,204.0,0.4976768,174.0,207.0,0.7396767,162.0,205.0,0.18086885,128.0,213.0,0.45267767,176.0,232.0,0.3654069,145.0,241.0,0.64902645,120.0,217.0,0.7532356,114.0,221.0,0.794917,78.0,213.0,0.5819179,69.0,218.0,0.69928956,34.0,205.0,0.51829934,26.0,210.0,0.6900183
guy3_cobra129.jpg,79.0,208.0,0.73208344,81.0,202.0,0.48820677,78.0,202.0,0.62695706,96.0,198.0,0.74322534,92.0,198.0,0.54280335,118.0,205.0,0.65018797,107.0,200.0,0.5929556,165.0,214.0,0.39726385,129.0,202.0,0.10607186,151.0,239.0,0.79460716,114.0,229.0,0.16092545,185.0,220.0,0.73298156,183.0,210.0,0.62379956,224.0,218.0,0.6367496,215.0,211.0,0.3720445,273.0,209.0,0.6817173,260.0,204.0,0.5978568
guy3_cobra129_flipped.jpg,222.0,208.0,0.65801704,221.0,202.0,0.5019597,219.0,202.0,0.7426131,206.0,199.0,0.5978453,201.0,199.0,0.76322216,192.0,203.0,0.546564,175.0,206.0,0.5921099,180.0,210.0,0.27136207,131.0,212.0,0.4116182,185.0,231.0,0.32111517,148.0,239.0,0.62566155,121.0,214.0,0.74406016,116.0,218.0,0.7873993,76.0,211.0,0.59748316,68.0,214.0,0.6624148,28.0,205.0,0.44033423,24.0,208.0,0.7537816
guy3_cobra130.jpg,77.0,205.0,0.53966796,78.0,200.0,0.7402779,76.0,200.0,0.69288766,94.0,196.0,0.66890043,90.0,195.0,0.56362736,117.0,201.0,0.6582122,106.0,197.0,0.4824352,167.0,209.0,0.4173822,134.0,196.0,0.13494238,150.0,235.0,0.6596253,114.0,224.0,0.3060221,184.0,216.0,0.76118255,182.0,206.0,0.62750196,227.0,212.0,0.53384197,221.0,206.0,0.5861871,276.0,208.0,0.76338464,262.0,203.0,0.55150187
guy3_cobra130_flipped.jpg,224.0,206.0,0.47277468,223.0,200.0,0.7522543,221.0,200.0,0.7039598,208.0,197.0,0.69471717,204.0,196.0,0.78250957,193.0,199.0,0.5436288,176.0,201.0,0.6039867,173.0,198.0,0.16709518,132.0,207.0,0.40774468,183.0,224.0,0.28784236,149.0,233.0,0.6616645,124.0,209.0,0.69012225,117.0,213.0,0.7779418,78.0,207.0,0.6167984,71.0,210.0,0.69937664,31.0,201.0,0.57529056,24.0,207.0,0.6420449
guy3_cobra131_flipped.jpg,227.0,203.0,0.67875445,226.0,198.0,0.6475966,224.0,197.0,0.46491373,211.0,194.0,0.69429207,206.0,193.0,0.6900412,195.0,197.0,0.5454425,178.0,198.0,0.5714028,177.0,196.0,0.17250913,133.0,203.0,0.4282777,187.0,222.0,0.37341386,152.0,230.0,0.74017644,123.0,206.0,0.76138914,116.0,209.0,0.7896893,80.0,205.0,0.5166085,71.0,208.0,0.6864188,33.0,199.0,0.4836296,25.0,204.0,0.83748716
guy3_cobra132_flipped.jpg,227.0,200.0,0.66871035,228.0,195.0,0.5705498,225.0,193.0,0.60054004,217.0,191.0,0.256096,208.0,190.0,0.71780777,199.0,194.0,0.49941057,184.0,198.0,0.43749803,190.0,198.0,0.1883214,139.0,200.0,0.21054587,194.0,211.0,0.1388286,152.0,225.0,0.4904788,124.0,200.0,0.44318658,115.0,204.0,0.3792927,78.0,199.0,0.27064222,73.0,204.0,0.21927485,36.0,196.0,0.2819976,25.0,201.0,0.5051656
guy3_cobra133.jpg,71.0,198.0,0.5950459,73.0,191.0,0.520692,69.0,192.0,0.33599585,90.0,185.0,0.7091882,80.0,187.0,0.16028236,115.0,190.0,0.3313965,100.0,190.0,0.38456458,156.0,202.0,0.14061247,105.0,197.0,0.10030362,144.0,221.0,0.5185888,101.0,206.0,0.1513001,177.0,202.0,0.41572273,172.0,193.0,0.37431175,222.0,204.0,0.36595345,220.0,197.0,0.15881285,268.0,197.0,0.6086257,261.0,193.0,0.24469286
guy3_cobra133_flipped.jpg,229.0,199.0,0.64245546,229.0,193.0,0.69855917,227.0,192.0,0.80678797,215.0,188.0,0.6531275,209.0,187.0,0.61743397,198.0,190.0,0.55282915,182.0,194.0,0.4944053,176.0,186.0,0.14692384,138.0,196.0,0.4622975,188.0,213.0,0.2577204,155.0,222.0,0.7008971,127.0,198.0,0.74432075,120.0,202.0,0.78682196,81.0,199.0,0.63308823,74.0,201.0,0.6132235,35.0,192.0,0.5512643,27.0,198.0,0.6847559
guy3_cobra134_flipped.jpg,231.0,196.0,0.6956765,230.0,190.0,0.7997565,228.0,189.0,0.6912881,216.0,185.0,0.73514783,211.0,184.0,0.70499545,201.0,188.0,0.643041,183.0,191.0,0.44406244,182.0,189.0,0.26904273,141.0,192.0,0.35885543,191.0,210.0,0.2758866,157.0,219.0,0.5927368,128.0,192.0,0.72315484,121.0,199.0,0.7612764,80.0,193.0,0.609802,72.0,196.0,0.6179503,35.0,187.0,0.43229657,27.0,194.0,0.65098
guy3_cobra135_flipped.jpg,232.0,193.0,0.6502955,233.0,187.0,0.460039,230.0,186.0,0.5362319,219.0,181.0,0.5219751,213.0,180.0,0.64701664,204.0,183.0,0.5124241,184.0,187.0,0.5229461,181.0,180.0,0.24806523,143.0,189.0,0.42837766,191.0,205.0,0.26482823,160.0,213.0,0.6365731,129.0,189.0,0.74252623,122.0,194.0,0.78525454,84.0,190.0,0.55155957,75.0,193.0,0.5771249,38.0,183.0,0.4482706,28.0,190.0,0.7050526
guy3_cobra136_flipped.jpg,233.0,189.0,0.6624383,234.0,184.0,0.61374545,232.0,182.0,0.52402735,220.0,178.0,0.5164201,215.0,177.0,0.702563,205.0,179.0,0.4872746,187.0,182.0,0.4651097,179.0,175.0,0.2586542,142.0,184.0,0.43239936,193.0,202.0,0.26607314,160.0,210.0,0.6066121,132.0,186.0,0.7323845,125.0,190.0,0.6349713,86.0,187.0,0.627882,77.0,190.0,0.6064583,35.0,181.0,0.5195602,28.0,187.0,0.70984167
guy3_cobra137.jpg,65.0,186.0,0.67893696,66.0,180.0,0.541757,64.0,180.0,0.56940234,82.0,175.0,0.74365914,77.0,174.0,0.6375642,105.0,177.0,0.59908885,96.0,174.0,0.3938863,155.0,180.0,0.3902343,126.0,171.0,0.22747889,137.0,205.0,0.7945537,116.0,196.0,0.15977737,177.0,188.0,0.7203345,173.0,179.0,0.5988043,220.0,189.0,0.4530451,217.0,181.0,0.6323743,268.0,185.0,0.43437013,263.0,181.0,0.49970183
guy3_cobra137_flipped.jpg,236.0,187.0,0.6916648,236.0,181.0,0.73013306,234.0,180.0,0.69066095,223.0,176.0,0.5162968,218.0,174.0,0.7417598,209.0,176.0,0.4306591,190.0,181.0,0.49689418,174.0,172.0,0.38761228,145.0,179.0,0.3880913,194.0,200.0,0.29096335,162.0,204.0,0.61983293,134.0,182.0,0.6701967,128.0,186.0,0.6372178,88.0,184.0,0.5015652,77.0,187.0,0.6022259,37.0,179.0,0.5026507,30.0,185.0,0.73929965
guy3_cobra138.jpg,62.0,185.0,0.51718664,64.0,179.0,0.77875894,62.0,179.0,0.7158228,80.0,172.0,0.5847246,73.0,172.0,0.42175362,103.0,175.0,0.5317203,97.0,170.0,0.27159753,153.0,176.0,0.39011994,130.0,169.0,0.2074556,136.0,200.0,0.8324337,119.0,192.0,0.20954452,175.0,185.0,0.73824453,172.0,177.0,0.505604,220.0,186.0,0.5026614,215.0,179.0,0.6247102,264.0,182.0,0.5831162,260.0,179.0,0.59317386
guy3_cobra138_flipped.jpg,238.0,185.0,0.6979976,238.0,179.0,0.77812815,237.0,178.0,0.52715623,226.0,173.0,0.5402881,220.0,172.0,0.6989516,211.0,173.0,0.44493508,190.0,179.0,0.5049526,190.0,169.0,0.26118803,149.0,177.0,0.3179784,199.0,194.0,0.25942698,164.0,200.0,0.6514739,137.0,177.0,0.701972,130.0,183.0,0.7533039,91.0,180.0,0.52125704,80.0,183.0,0.65445256,39.0,175.0,0.48640665,32.0,180.0,0.7739461
guy3_cobra139.jpg,61.0,182.0,0.52356124,62.0,175.0,0.6402506,59.0,175.0,0.6533257,78.0,169.0,0.584051,70.0,169.0,0.27874532,102.0,174.0,0.40482017,89.0,171.0,0.3093173,144.0,180.0,0.13411295,118.0,166.0,0.11431811,129.0,196.0,0.2812228,99.0,183.0,0.10842344,164.0,182.0,0.3874052,160.0,175.0,0.36405343,215.0,182.0,0.16059414,214.0,177.0,0.23912595,259.0,179.0,0.3719122,259.0,178.0,0.33923677
guy3_cobra139_flipped.jpg,240.0,182.0,0.6285477,241.0,176.0,0.73553216,238.0,176.0,0.6291116,228.0,171.0,0.5681574,222.0,169.0,0.7693726,214.0,170.0,0.4780859,192.0,177.0,0.49763107,198.0,170.0,0.3068418,150.0,174.0,0.285303,204.0,187.0,0.23502824,168.0,197.0,0.59115845,139.0,173.0,0.70262873,132.0,178.0,0.69249135,91.0,178.0,0.535765,82.0,180.0,0.63474226,37.0,174.0,0.48546845,33.0,177.0,0.6139982
guy3_cobra140.jpg,59.0,181.0,0.5722115,60.0,175.0,0.5480889,58.0,176.0,0.540423,76.0,168.0,0.8370384,71.0,168.0,0.62068105,95.0,171.0,0.6039479,92.0,165.0,0.47038248,148.0,170.0,0.34612104,131.0,161.0,0.23962973,130.0,192.0,0.720539,116.0,177.0,0.11601692,170.0,179.0,0.75436735,167.0,171.0,0.5198343,217.0,179.0,0.4914233,214.0,174.0,0.59385717,261.0,176.0,0.48150447,259.0,174.0,0.62869567
guy3_cobra140_flipped.jpg,242.0,180.0,0.63755274,242.0,175.0,0.6416922,238.0,174.0,0.46023884,229.0,170.0,0.44155127,224.0,168.0,0.83276206,216.0,168.0,0.5896079,196.0,176.0,0.353597,194.0,165.0,0.29196292,155.0,171.0,0.26088196,206.0,185.0,0.2421388,168.0,194.0,0.6098242,141.0,171.0,0.66458344,136.0,176.0,0.735724,94.0,175.0,0.5039765,83.0,177.0,0.6033654,36.0,173.0,0.5070766,32.0,177.0,0.6369574
