guy3_dog025_flipped.jpg,106.0,167.0,0.44501042,108.0,169.0,0.59044653,102.0,169.0,0.66342884,116.0,159.0,0.61032456,98.0,158.0,0.5502819,141.0,143.0,0.7533069,97.0,133.0,0.6373831,153.0,185.0,0.8279201,96.0,168.0,0.6246058,143.0,206.0,0.23765785,91.0,201.0,0.82289386,178.0,90.0,0.91371226,153.0,82.0,0.891871,187.0,135.0,0.74954104,170.0,131.0,0.57312584,209.0,149.0,0.5158483,191.0,147.0,0.65668255
guy3_dog026_flipped.jpg,111.0,169.0,0.2951161,112.0,170.0,0.43592638,106.0,171.0,0.4361368,119.0,158.0,0.49846578,101.0,158.0,0.5349703,142.0,142.0,0.70985097,101.0,136.0,0.7641219,156.0,186.0,0.72932917,97.0,172.0,0.6376879,151.0,195.0,0.20060328,93.0,196.0,0.32184383,174.0,88.0,0.9230928,152.0,80.0,0.89964706,186.0,132.0,0.73528767,166.0,129.0,0.5736299,210.0,146.0,0.8441323,187.0,143.0,0.4726887
guy3_dog027.jpg,185.0,167.0,0.42841113,190.0,169.0,0.5042037,184.0,169.0,0.52625096,193.0,159.0,0.50138867,177.0,159.0,0.6464468,196.0,137.0,0.8285017,154.0,142.0,0.7642921,199.0,167.0,0.73074937,142.0,185.0,0.741153,205.0,194.0,0.46107048,204.0,195.0,0.18947479,147.0,80.0,0.79439616,124.0,85.0,0.71262586,131.0,130.0,0.4232971,110.0,132.0,0.66568846,108.0,142.0,0.48931557,92.0,146.0,0.76362205
guy3_dog027_flipped.jpg,112.0,166.0,0.41070393,114.0,168.0,0.4261217,107.0,168.0,0.36631542,122.0,158.0,0.5598517,103.0,156.0,0.6939763,145.0,144.0,0.7067056,102.0,137.0,0.7464463,157.0,186.0,0.89650357,99.0,172.0,0.7430368,153.0,195.0,0.18455046,93.0,195.0,0.35307845,174.0,84.0,0.9374663,153.0,77.0,0.8950221,187.0,128.0,0.78104246,171.0,124.0,0.7517888,207.0,146.0,0.8438233,189.0,144.0,0.64527273
guy3_dog028.jpg,182.0,166.0,0.33535358,187.0,168.0,0.2856185,180.0,168.0,0.42152882,192.0,158.0,0.5024302,173.0,158.0,0.54271984,194.0,137.0,0.771852,152.0,140.0,0.75474316,201.0,169.0,0.63227165,141.0,185.0,0.732299,205.0,193.0,0.5719403,203.0,196.0,0.13097829,145.0,76.0,0.8302315,123.0,81.0,0.7592027,132.0,127.0,0.58585936,109.0,129.0,0.60391855,109.0,143.0,0.5506552,93.0,146.0,0.6922908
guy3_dog028_flipped.jpg,119.0,164.0,0.42027256,120.0,166.0,0.44095686,113.0,167.0,0.49810532,127.0,157.0,0.48793426,108.0,157.0,0.6392323,148.0,143.0,0.8197651,106.0,136.0,0.67153203,160.0,185.0,0.8605406,101.0,170.0,0.76777726,154.0,200.0,0.14560558,95.0,199.0,0.5738471,175.0,79.0,0.92544055,154.0,71.0,0.71996915,189.0,124.0,0.7005759,169.0,123.0,0.6229001,207.0,146.0,0.6822541,188.0,145.0,0.6066611
guy3_dog029.jpg,181.0,166.0,0.2823649,186.0,167.0,0.420138,179.0,168.0,0.38443604,190.0,159.0,0.46417102,169.0,159.0,0.468632,190.0,139.0,0.71214354,147.0,143.0,0.4684323,198.0,170.0,0.54003525,140.0,185.0,0.78240734,202.0,194.0,0.4575972,102.0,144.0,0.14287661,143.0,76.0,0.7672888,122.0,81.0,0.6521784,124.0,125.0,0.5100173,108.0,126.0,0.5738102,109.0,144.0,0.53095037,92.0,148.0,0.7246392
guy3_dog029_flipped.jpg,120.0,166.0,0.39105356,123.0,168.0,0.498409,115.0,168.0,0.45109388,132.0,157.0,0.5522938,110.0,157.0,0.533071,152.0,144.0,0.61654454,110.0,135.0,0.63299334,161.0,185.0,0.8874391,104.0,168.0,0.7871181,150.0,203.0,0.15928452,95.0,201.0,0.836745,175.0,76.0,0.8740367,155.0,69.0,0.91859174,190.0,120.0,0.82369304,170.0,118.0,0.58228564,207.0,149.0,0.78458095,183.0,144.0,0.62147474
guy3_dog030.jpg,177.0,166.0,0.2647748,182.0,168.0,0.38401815,175.0,169.0,0.38748026,185.0,158.0,0.42515877,166.0,159.0,0.5028139,187.0,139.0,0.79808736,146.0,141.0,0.57961315,197.0,173.0,0.72529376,136.0,185.0,0.89231396,200.0,193.0,0.32590273,103.0,142.0,0.15819345,142.0,74.0,0.63948786,121.0,78.0,0.6867534,125.0,120.0,0.6667912,106.0,121.0,0.70253986,110.0,141.0,0.4848455,94.0,145.0,0.7937909
guy3_dog030_flipped.jpg,124.0,162.0,0.41445404,127.0,166.0,0.5148889,118.0,165.0,0.5928694,135.0,158.0,0.6155255,112.0,157.0,0.5925261,154.0,143.0,0.8489741,110.0,135.0,0.72037625,162.0,185.0,0.9070972,102.0,171.0,0.75017226,151.0,204.0,0.103492565,95.0,200.0,0.9173006,176.0,75.0,0.88861495,156.0,69.0,0.91326255,192.0,116.0,0.8853069,172.0,117.0,0.63876843,206.0,147.0,0.7393967,186.0,144.0,0.5764659
guy3_dog031.jpg,173.0,167.0,0.3426712,178.0,169.0,0.37341735,171.0,170.0,0.42196503,182.0,159.0,0.56369066,163.0,160.0,0.66034544,185.0,140.0,0.8024098,143.0,141.0,0.5855033,195.0,171.0,0.8035664,134.0,186.0,0.87963015,201.0,197.0,0.5494249,139.0,198.0,0.10918884,140.0,72.0,0.7574691,119.0,74.0,0.7522105,128.0,119.0,0.6416545,105.0,120.0,0.72463095,111.0,143.0,0.46648264,94.0,148.0,0.8258923
guy3_dog031_flipped.jpg,126.0,163.0,0.44589126,129.0,166.0,0.40985873,120.0,166.0,0.58236575,138.0,157.0,0.5875236,115.0,157.0,0.620659,158.0,145.0,0.5941719,113.0,136.0,0.6941403,164.0,185.0,0.8692104,104.0,168.0,0.6919527,153.0,207.0,0.3621408,96.0,200.0,0.86939144,179.0,72.0,0.81130034,158.0,67.0,0.9026582,193.0,116.0,0.7429128,174.0,116.0,0.6356293,206.0,149.0,0.6654811,185.0,145.0,0.5102749
guy3_dog032.jpg,169.0,167.0,0.3822168,173.0,168.0,0.45606524,167.0,169.0,0.49221343,177.0,159.0,0.57038176,158.0,160.0,0.54007876,183.0,139.0,0.75062484,139.0,142.0,0.6597998,193.0,173.0,0.86932844,132.0,185.0,0.83575356,199.0,193.0,0.5424781,136.0,194.0,0.17348775,137.0,68.0,0.7605792,117.0,70.0,0.65375423,134.0,119.0,0.59077704,105.0,120.0,0.7044096,112.0,142.0,0.43226543,94.0,148.0,0.7868821
guy3_dog032_flipped.jpg,128.0,163.0,0.4722996,131.0,167.0,0.422358,123.0,166.0,0.54466236,141.0,158.0,0.65956724,120.0,157.0,0.7321079,159.0,145.0,0.62414426,118.0,136.0,0.6867713,166.0,183.0,0.79846114,105.0,173.0,0.8278206,151.0,215.0,0.7086082,96.0,202.0,0.8176299,183.0,67.0,0.8142903,159.0,63.0,0.8547352,193.0,114.0,0.73039687,173.0,116.0,0.6694051,202.0,145.0,0.6574494,183.0,142.0,0.6881745
guy3_dog033.jpg,164.0,167.0,0.32100913,170.0,169.0,0.4513469,163.0,169.0,0.44661257,173.0,159.0,0.61019987,154.0,160.0,0.62962633,178.0,137.0,0.82929313,137.0,140.0,0.52090573,191.0,172.0,0.8315618,130.0,181.0,0.80752194,197.0,189.0,0.4267346,135.0,191.0,0.13544022,135.0,68.0,0.90905464,116.0,70.0,0.71970034,130.0,116.0,0.6447624,105.0,117.0,0.740467,111.0,141.0,0.44743547,95.0,147.0,0.65585923
guy3_dog033_flipped.jpg,135.0,160.0,0.35648286,137.0,164.0,0.47838175,129.0,164.0,0.5788722,144.0,156.0,0.6166021,123.0,157.0,0.4378642,160.0,144.0,0.7549788,119.0,138.0,0.65046924,167.0,184.0,0.6841135,106.0,172.0,0.85023886,158.0,207.0,0.73165345,99.0,201.0,0.8698161,181.0,68.0,0.9024747,159.0,66.0,0.85919744,194.0,113.0,0.6385048,174.0,114.0,0.5294827,205.0,147.0,0.7032254,186.0,143.0,0.7116016
guy3_dog034.jpg,161.0,169.0,0.36914462,166.0,170.0,0.50569946,160.0,170.0,0.46371207,172.0,160.0,0.6593827,152.0,160.0,0.6689398,177.0,138.0,0.8510487,134.0,141.0,0.53843665,189.0,173.0,0.86169535,130.0,182.0,0.8145557,195.0,193.0,0.60130084,134.0,193.0,0.22181325,135.0,68.0,0.8813717,116.0,71.0,0.70538175,129.0,116.0,0.6033962,104.0,117.0,0.8469748,111.0,144.0,0.41900688,95.0,148.0,0.63688105
guy3_dog034_flipped.jpg,135.0,161.0,0.43295524,138.0,166.0,0.4658418,130.0,165.0,0.61580884,149.0,159.0,0.69146943,127.0,158.0,0.57833874,166.0,147.0,0.7399755,124.0,136.0,0.6575219,168.0,184.0,0.77231514,109.0,172.0,0.8715182,155.0,212.0,0.82654285,100.0,202.0,0.8208758,186.0,66.0,0.89593935,164.0,63.0,0.79270357,196.0,110.0,0.69094574,175.0,113.0,0.51366794,202.0,145.0,0.57103825,177.0,147.0,0.2916199
guy3_dog035.jpg,159.0,167.0,0.4045693,164.0,168.0,0.4958187,156.0,169.0,0.45251882,169.0,159.0,0.48867965,149.0,161.0,0.5807866,175.0,138.0,0.8429574,130.0,141.0,0.5066081,187.0,173.0,0.6712643,129.0,181.0,0.70385766,193.0,192.0,0.5199936,132.0,192.0,0.2138185,134.0,67.0,0.8722805,114.0,70.0,0.8198502,132.0,114.0,0.6127574,104.0,115.0,0.82498103,112.0,142.0,0.418181,97.0,146.0,0.75709546
guy3_dog035_flipped.jpg,138.0,161.0,0.36072442,142.0,167.0,0.48896322,133.0,165.0,0.5461688,151.0,159.0,0.6762084,130.0,158.0,0.51137877,167.0,144.0,0.55881596,125.0,135.0,0.69130135,168.0,181.0,0.87398773,112.0,171.0,0.79280317,157.0,212.0,0.7844234,103.0,200.0,0.65459585,186.0,64.0,0.88981885,163.0,62.0,0.8298499,195.0,110.0,0.697682,169.0,111.0,0.536853,201.0,145.0,0.5048711,176.0,144.0,0.3329902
guy3_dog036_flipped.jpg,143.0,160.0,0.34174976,146.0,165.0,0.649037,138.0,164.0,0.5816725,156.0,157.0,0.65068495,134.0,157.0,0.67339826,171.0,144.0,0.7239032,129.0,133.0,0.6822667,170.0,180.0,0.88834244,112.0,170.0,0.8235875,159.0,211.0,0.6991701,104.0,200.0,0.6306649,187.0,63.0,0.88410264,164.0,60.0,0.84422433,196.0,111.0,0.66540265,171.0,110.0,0.49459395,201.0,143.0,0.65197814,177.0,144.0,0.30250758
guy3_dog037.jpg,151.0,162.0,0.45182613,156.0,164.0,0.4923252,149.0,165.0,0.56130385,160.0,155.0,0.5963471,140.0,157.0,0.5483091,169.0,134.0,0.86888033,124.0,140.0,0.75202,182.0,168.0,0.8062278,126.0,180.0,0.8327673,191.0,198.0,0.53786767,132.0,199.0,0.22573254,134.0,68.0,0.78115875,113.0,70.0,0.73076296,132.0,111.0,0.57013047,103.0,115.0,0.8380432,126.0,138.0,0.10755603,97.0,147.0,0.7502229
guy3_dog037_flipped.jpg,144.0,160.0,0.32206407,146.0,164.0,0.61061144,139.0,163.0,0.5821543,157.0,156.0,0.5559797,135.0,156.0,0.5413743,171.0,145.0,0.67098683,130.0,133.0,0.65477556,173.0,180.0,0.6782458,114.0,169.0,0.8446109,161.0,210.0,0.70297897,107.0,200.0,0.80498457,187.0,63.0,0.7429366,165.0,62.0,0.79987746,197.0,110.0,0.5575144,173.0,107.0,0.59600484,201.0,142.0,0.6345214,178.0,142.0,0.31295845
guy3_dog038.jpg,148.0,160.0,0.4408412,153.0,162.0,0.62233096,146.0,163.0,0.4404193,157.0,153.0,0.6803285,138.0,156.0,0.6054797,168.0,136.0,0.79071385,123.0,142.0,0.59307206,180.0,166.0,0.81627,125.0,179.0,0.80844474,190.0,197.0,0.72484994,132.0,202.0,0.48802778,134.0,66.0,0.78227663,112.0,68.0,0.74323905,132.0,110.0,0.5454206,103.0,113.0,0.81308854,125.0,136.0,0.14508308,98.0,143.0,0.76334316
guy3_dog038_flipped.jpg,146.0,161.0,0.49345726,149.0,166.0,0.6117868,141.0,164.0,0.58103967,159.0,157.0,0.62414086,137.0,156.0,0.6248483,174.0,146.0,0.5085257,130.0,135.0,0.6703285,174.0,178.0,0.8796494,117.0,167.0,0.7519104,164.0,207.0,0.773004,110.0,199.0,0.8580893,187.0,64.0,0.866709,165.0,62.0,0.7442157,196.0,108.0,0.6370667,171.0,108.0,0.65250456,199.0,143.0,0.50538564,179.0,139.0,0.32002655
guy3_dog039.jpg,147.0,161.0,0.48594072,152.0,163.0,0.52670515,145.0,165.0,0.48892337,156.0,153.0,0.58709013,137.0,156.0,0.69088614,165.0,135.0,0.8459308,120.0,139.0,0.42854664,178.0,170.0,0.81157005,123.0,175.0,0.76485115,188.0,198.0,0.59681463,130.0,201.0,0.39031267,133.0,68.0,0.66897607,112.0,69.0,0.83999777,136.0,110.0,0.39063793,103.0,112.0,0.8474332,129.0,137.0,0.13123989,98.0,142.0,0.76125133
guy3_dog039_flipped.jpg,148.0,159.0,0.41568616,151.0,163.0,0.558793,142.0,162.0,0.4740729,161.0,155.0,0.64411557,139.0,154.0,0.4266636,176.0,142.0,0.5868896,132.0,132.0,0.51160014,176.0,176.0,0.88899523,119.0,166.0,0.6730697,165.0,207.0,0.7028532,111.0,198.0,0.8849491,187.0,64.0,0.8664529,166.0,63.0,0.8182032,196.0,109.0,0.5483416,174.0,109.0,0.51727617,199.0,142.0,0.5783968,192.0,140.0,0.52449685
guy3_dog040.jpg,147.0,160.0,0.43700683,152.0,161.0,0.57484627,145.0,163.0,0.48062402,156.0,152.0,0.59048486,137.0,154.0,0.6204792,164.0,132.0,0.84040254,121.0,136.0,0.6985158,178.0,166.0,0.8946476,122.0,175.0,0.8316614,186.0,194.0,0.69781184,126.0,194.0,0.16272195,133.0,67.0,0.76758194,112.0,69.0,0.8646215,138.0,106.0,0.43160278,104.0,110.0,0.6669551,131.0,132.0,0.10592159,99.0,141.0,0.8069653
guy3_dog040_flipped.jpg,151.0,156.0,0.45579904,155.0,161.0,0.5459019,146.0,159.0,0.37594378,164.0,152.0,0.63707614,141.0,152.0,0.5035524,179.0,141.0,0.6664547,135.0,133.0,0.5064225,178.0,176.0,0.89162993,121.0,164.0,0.5308614,170.0,202.0,0.6341477,113.0,196.0,0.8735466,187.0,68.0,0.9255714,166.0,66.0,0.86553574,196.0,107.0,0.8277439,172.0,106.0,0.6436268,201.0,142.0,0.5143649,181.0,135.0,0.2482741
guy3_dog041.jpg,145.0,159.0,0.45162535,150.0,161.0,0.48402864,143.0,161.0,0.48647583,154.0,151.0,0.59388506,134.0,153.0,0.5360507,162.0,133.0,0.8715753,119.0,138.0,0.5674752,174.0,164.0,0.81609654,120.0,173.0,0.8599504,183.0,193.0,0.6257117,125.0,195.0,0.30764014,133.0,66.0,0.64749825,111.0,67.0,0.8327441,137.0,108.0,0.46276727,104.0,111.0,0.81226695,133.0,134.0,0.12488151,100.0,140.0,0.73919
guy3_dog041_flipped.jpg,153.0,158.0,0.4794375,155.0,162.0,0.6474432,148.0,161.0,0.5989286,165.0,152.0,0.6418731,143.0,152.0,0.6157025,180.0,141.0,0.73739374,136.0,133.0,0.70811427,181.0,173.0,0.54892266,122.0,162.0,0.7325702,173.0,200.0,0.7585245,115.0,193.0,0.8913039,188.0,68.0,0.89526737,166.0,64.0,0.9097887,198.0,106.0,0.6552506,175.0,105.0,0.45333055,200.0,137.0,0.5393487,179.0,131.0,0.21143328
guy3_dog042_flipped.jpg,153.0,156.0,0.50014806,155.0,160.0,0.5595933,149.0,159.0,0.59853876,164.0,151.0,0.6695004,144.0,151.0,0.4610468,179.0,140.0,0.72737706,136.0,132.0,0.6265753,182.0,171.0,0.8453244,122.0,164.0,0.7443694,173.0,200.0,0.6697792,116.0,193.0,0.8220027,188.0,66.0,0.8818224,167.0,63.0,0.90769845,197.0,105.0,0.7185224,179.0,106.0,0.4604661,200.0,136.0,0.43595642,184.0,135.0,0.27644104
guy3_dog043.jpg,142.0,158.0,0.3385632,148.0,160.0,0.61653465,141.0,160.0,0.5390234,152.0,151.0,0.62741536,134.0,154.0,0.6741932,162.0,131.0,0.77521896,118.0,135.0,0.629953,173.0,161.0,0.8558959,117.0,170.0,0.69322824,180.0,189.0,0.6442443,122.0,190.0,0.13991606,132.0,66.0,0.74297416,113.0,67.0,0.81217295,138.0,106.0,0.44631466,106.0,109.0,0.7596135,129.0,134.0,0.10974572,102.0,138.0,0.7024137
guy3_dog043_flipped.jpg,155.0,152.0,0.50069267,157.0,156.0,0.3900374,150.0,155.0,0.5270966,166.0,148.0,0.71105456,145.0,148.0,0.4643102,181.0,138.0,0.5509414,138.0,129.0,0.6520864,182.0,170.0,0.7809944,124.0,161.0,0.82790244,175.0,197.0,0.8373538,118.0,192.0,0.85281134,186.0,66.0,0.8167401,165.0,64.0,0.9047538,198.0,106.0,0.6245463,178.0,104.0,0.46799466,198.0,136.0,0.46067274,183.0,134.0,0.26136482
guy3_dog044.jpg,142.0,154.0,0.4893044,147.0,156.0,0.48314494,140.0,158.0,0.5128689,150.0,149.0,0.57767457,132.0,150.0,0.5962992,161.0,130.0,0.7827579,116.0,134.0,0.6659292,173.0,162.0,0.8090464,116.0,169.0,0.7773119,179.0,190.0,0.70584166,121.0,190.0,0.5307038,133.0,64.0,0.7933554,112.0,65.0,0.8399827,139.0,107.0,0.32459044,107.0,110.0,0.63784087,132.0,130.0,0.16295639,102.0,133.0,0.55431604
guy3_dog044_flipped.jpg,154.0,153.0,0.4613814,157.0,157.0,0.45562622,150.0,156.0,0.4558458,168.0,148.0,0.68215543,145.0,148.0,0.5320331,182.0,138.0,0.5427773,139.0,130.0,0.7293446,184.0,168.0,0.7809105,125.0,161.0,0.7874621,178.0,197.0,0.76313686,119.0,190.0,0.8739867,186.0,66.0,0.88864386,165.0,64.0,0.9011469,198.0,106.0,0.62554073,174.0,104.0,0.62448287,197.0,136.0,0.42983073,176.0,132.0,0.17315571
guy3_dog045.jpg,143.0,152.0,0.43223485,147.0,154.0,0.4349884,140.0,155.0,0.37734404,151.0,147.0,0.42559585,132.0,149.0,0.5987563,161.0,129.0,0.8023238,117.0,132.0,0.5904777,172.0,160.0,0.87508166,115.0,168.0,0.73733246,178.0,187.0,0.6227908,121.0,190.0,0.3067502,134.0,64.0,0.69867384,114.0,66.0,0.7028676,142.0,105.0,0.26357374,110.0,110.0,0.46156794,135.0,130.0,0.14368549,104.0,134.0,0.3939312
guy3_dog045_flipped.jpg,156.0,150.0,0.49072564,159.0,154.0,0.58417314,152.0,154.0,0.54016227,168.0,148.0,0.5974895,147.0,148.0,0.5218247,183.0,136.0,0.54088867,140.0,129.0,0.7927004,184.0,168.0,0.77129865,127.0,159.0,0.83921087,179.0,191.0,0.7171316,121.0,189.0,0.7455025,186.0,66.0,0.8049911,164.0,64.0,0.88978404,195.0,106.0,0.6891013,173.0,104.0,0.50465107,194.0,132.0,0.39609206,167.0,132.0,0.16239673
guy3_dog046.jpg,140.0,150.0,0.52193457,145.0,153.0,0.5973207,138.0,154.0,0.43780175,148.0,146.0,0.5574368,130.0,147.0,0.5862396,159.0,127.0,0.7257744,115.0,130.0,0.6085954,171.0,157.0,0.89362407,114.0,166.0,0.769893,177.0,186.0,0.6975671,121.0,189.0,0.44563773,135.0,62.0,0.7787522,113.0,63.0,0.7117864,141.0,104.0,0.40478277,109.0,111.0,0.486111,134.0,128.0,0.19912842,106.0,130.0,0.25668827
guy3_dog046_flipped.jpg,157.0,149.0,0.4471307,161.0,153.0,0.4914435,153.0,153.0,0.45471913,169.0,147.0,0.5507214,148.0,147.0,0.44709647,182.0,134.0,0.60869074,140.0,128.0,0.61425865,185.0,165.0,0.79138786,127.0,160.0,0.7746024,178.0,193.0,0.6366163,122.0,187.0,0.60908175,185.0,64.0,0.88917696,162.0,64.0,0.861423,194.0,105.0,0.41242293,167.0,106.0,0.46967277,189.0,134.0,0.2827104,171.0,131.0,0.25913015
guy3_dog047.jpg,141.0,156.0,0.3881326,146.0,157.0,0.528249,138.0,157.0,0.4750105,150.0,148.0,0.5309332,130.0,149.0,0.5131065,160.0,128.0,0.72818226,115.0,131.0,0.47835562,171.0,158.0,0.8460233,115.0,163.0,0.7095076,175.0,181.0,0.49926737,119.0,181.0,0.22520956,138.0,65.0,0.72745353,115.0,65.0,0.78945756,145.0,104.0,0.35594395,116.0,108.0,0.35084587,138.0,127.0,0.1838224,116.0,125.0,0.34596074
guy3_dog047_flipped.jpg,156.0,147.0,0.48225996,158.0,151.0,0.5626669,152.0,151.0,0.61041296,168.0,145.0,0.6092925,148.0,145.0,0.54928553,182.0,134.0,0.69898355,140.0,127.0,0.56971985,186.0,163.0,0.73998916,128.0,158.0,0.82033795,180.0,185.0,0.45031825,123.0,186.0,0.7626276,184.0,64.0,0.8426157,162.0,63.0,0.8249607,192.0,103.0,0.49475563,172.0,103.0,0.3700098,189.0,131.0,0.33479083,172.0,131.0,0.35061672
guy3_dog048.jpg,141.0,153.0,0.36228472,145.0,155.0,0.41623467,138.0,155.0,0.57418156,149.0,146.0,0.5261595,130.0,147.0,0.46283883,159.0,128.0,0.7943407,117.0,130.0,0.40391648,171.0,159.0,0.736165,113.0,161.0,0.5993136,174.0,182.0,0.3711632,118.0,183.0,0.51226825,138.0,64.0,0.8168808,117.0,65.0,0.71675104,146.0,106.0,0.31460327,118.0,114.0,0.42067444,139.0,127.0,0.18522179,118.0,125.0,0.34193233
guy3_dog048_flipped.jpg,157.0,147.0,0.457039,159.0,151.0,0.54768145,152.0,151.0,0.54640347,167.0,144.0,0.60581017,147.0,145.0,0.40393764,181.0,133.0,0.69682866,139.0,127.0,0.6831852,186.0,160.0,0.5962018,128.0,159.0,0.77327263,181.0,188.0,0.79717225,125.0,186.0,0.55140245,184.0,64.0,0.8610771,162.0,63.0,0.8635528,190.0,103.0,0.5823082,169.0,105.0,0.4433518,184.0,132.0,0.28638458,169.0,128.0,0.31054625
guy3_dog049.jpg,139.0,152.0,0.40609026,144.0,154.0,0.52080375,137.0,154.0,0.3724019,147.0,145.0,0.51155365,129.0,146.0,0.48853782,159.0,128.0,0.81290364,117.0,132.0,0.41049114,170.0,157.0,0.8256062,113.0,160.0,0.69456315,174.0,184.0,0.6639354,118.0,186.0,0.7493692,139.0,64.0,0.64142346,116.0,65.0,0.7718282,147.0,105.0,0.36973816,120.0,109.0,0.45354408,141.0,127.0,0.2134132,121.0,125.0,0.4548464
guy3_dog049_flipped.jpg,156.0,146.0,0.45145622,160.0,150.0,0.416341,153.0,149.0,0.43091246,168.0,143.0,0.5082381,148.0,143.0,0.536497,181.0,131.0,0.811921,140.0,125.0,0.53545475,186.0,159.0,0.78531027,128.0,157.0,0.8041487,181.0,188.0,0.79882663,125.0,183.0,0.68799305,181.0,63.0,0.91219425,159.0,64.0,0.81610405,187.0,105.0,0.49947178,169.0,105.0,0.516713,183.0,132.0,0.24689461,168.0,130.0,0.27227318
guy3_dog050.jpg,141.0,150.0,0.38121396,145.0,153.0,0.37412915,137.0,153.0,0.47911483,148.0,144.0,0.4678619,130.0,145.0,0.44180635,160.0,126.0,0.6953537,117.0,128.0,0.42949632,170.0,153.0,0.8286454,114.0,160.0,0.64986175,173.0,179.0,0.45816618,117.0,182.0,0.40212074,140.0,61.0,0.6953937,117.0,62.0,0.780203,148.0,102.0,0.44535023,121.0,107.0,0.50760543,143.0,128.0,0.23871358,125.0,129.0,0.40804157
guy3_dog050_flipped.jpg,157.0,145.0,0.41860914,160.0,149.0,0.47445512,153.0,149.0,0.54923105,169.0,143.0,0.51615703,147.0,143.0,0.57977027,182.0,130.0,0.6345171,139.0,125.0,0.7241459,186.0,159.0,0.7165771,128.0,155.0,0.6630539,182.0,185.0,0.56201905,126.0,180.0,0.67851114,180.0,63.0,0.84280443,158.0,62.0,0.84608865,183.0,104.0,0.3481387,157.0,105.0,0.3724888,177.0,130.0,0.27103043,162.0,129.0,0.3720933
guy3_dog051.jpg,140.0,150.0,0.32664502,144.0,153.0,0.46129164,137.0,153.0,0.58430713,148.0,146.0,0.46911028,130.0,146.0,0.46016046,160.0,126.0,0.7486699,119.0,129.0,0.46278188,171.0,155.0,0.8751327,114.0,159.0,0.66298956,173.0,180.0,0.5111112,118.0,182.0,0.51277125,142.0,61.0,0.7653361,120.0,62.0,0.8438823,149.0,99.0,0.40357405,124.0,104.0,0.4562299,143.0,127.0,0.17605521,123.0,124.0,0.4288862
guy3_dog051_flipped.jpg,155.0,146.0,0.42314076,160.0,150.0,0.4770757,152.0,149.0,0.3682702,167.0,143.0,0.53757626,146.0,143.0,0.49388987,180.0,130.0,0.7756947,138.0,125.0,0.60821366,185.0,160.0,0.66781807,128.0,155.0,0.86797476,182.0,183.0,0.669809,125.0,181.0,0.7643889,177.0,59.0,0.8107443,157.0,59.0,0.85311764,182.0,101.0,0.31518835,155.0,100.0,0.39175367,176.0,129.0,0.22868444,159.0,126.0,0.32176945
guy3_dog052.jpg,142.0,149.0,0.40533766,146.0,151.0,0.5510744,139.0,151.0,0.5105344,151.0,145.0,0.5378479,132.0,145.0,0.57199454,162.0,126.0,0.7056687,120.0,126.0,0.50072306,172.0,155.0,0.7785492,115.0,158.0,0.7841171,175.0,180.0,0.71180165,119.0,180.0,0.35945094,144.0,61.0,0.81929415,123.0,61.0,0.7628053,149.0,97.0,0.4501949,123.0,104.0,0.48948807,146.0,126.0,0.24777721,128.0,125.0,0.37156868
guy3_dog052_flipped.jpg,155.0,147.0,0.35202876,159.0,150.0,0.53155375,151.0,150.0,0.47019368,167.0,142.0,0.5938863,145.0,143.0,0.41846162,180.0,126.0,0.73994374,138.0,123.0,0.5502449,185.0,157.0,0.75797975,127.0,153.0,0.76746756,183.0,180.0,0.4665942,125.0,179.0,0.6033201,176.0,60.0,0.82659566,154.0,58.0,0.8070112,180.0,103.0,0.3996733,150.0,106.0,0.50281626,172.0,133.0,0.19243996,155.0,128.0,0.30511513
guy3_dog053.jpg,143.0,149.0,0.44204593,147.0,152.0,0.55179405,140.0,152.0,0.51530874,153.0,145.0,0.56265324,133.0,145.0,0.5832175,163.0,124.0,0.6752821,122.0,125.0,0.51845217,172.0,154.0,0.8299072,116.0,157.0,0.5813507,175.0,178.0,0.75214505,121.0,179.0,0.517063,145.0,59.0,0.78467864,124.0,59.0,0.8472179,153.0,100.0,0.41642153,127.0,104.0,0.53394675,149.0,128.0,0.1838643,129.0,126.0,0.33196077
guy3_dog053_flipped.jpg,155.0,146.0,0.4236814,159.0,150.0,0.5143692,150.0,149.0,0.53350294,166.0,142.0,0.57517684,144.0,143.0,0.52813697,179.0,127.0,0.5651741,137.0,123.0,0.59190404,184.0,157.0,0.55902755,126.0,153.0,0.7022711,182.0,180.0,0.58080304,125.0,179.0,0.8112025,174.0,57.0,0.841664,152.0,57.0,0.8575283,177.0,103.0,0.37922618,148.0,105.0,0.58851933,171.0,132.0,0.3260102,153.0,128.0,0.3462653
guy3_dog054.jpg,144.0,149.0,0.28867134,148.0,152.0,0.4901114,141.0,151.0,0.41809288,153.0,144.0,0.5477626,134.0,144.0,0.48442975,163.0,124.0,0.64992917,123.0,126.0,0.49648914,174.0,155.0,0.8571616,116.0,156.0,0.64059633,175.0,180.0,0.6678382,120.0,180.0,0.584252,147.0,60.0,0.8333041,126.0,60.0,0.8750751,154.0,99.0,0.479266,129.0,104.0,0.5741253,148.0,126.0,0.24186894,131.0,127.0,0.43850353
guy3_dog054_flipped.jpg,153.0,144.0,0.3711977,158.0,148.0,0.45798224,149.0,148.0,0.5293304,166.0,139.0,0.54075336,143.0,140.0,0.552284,177.0,127.0,0.6736158,134.0,125.0,0.51825,184.0,156.0,0.7088839,126.0,155.0,0.83233595,182.0,180.0,0.5600413,125.0,183.0,0.76506805,172.0,58.0,0.82820797,151.0,57.0,0.61993563,174.0,102.0,0.4826452,146.0,103.0,0.49420467,170.0,133.0,0.2746872,151.0,128.0,0.31841403
guy3_dog055.jpg,146.0,149.0,0.45199206,150.0,152.0,0.46236482,142.0,151.0,0.5148721,155.0,144.0,0.50643486,135.0,144.0,0.49829948,166.0,124.0,0.59644806,125.0,126.0,0.49422687,175.0,155.0,0.7726326,118.0,158.0,0.71153104,177.0,181.0,0.81189835,121.0,182.0,0.6724714,149.0,60.0,0.7811917,128.0,60.0,0.73747647,157.0,100.0,0.3559286,130.0,103.0,0.5049981,150.0,128.0,0.2398686,132.0,128.0,0.41860127
guy3_dog055_flipped.jpg,153.0,143.0,0.37475422,157.0,146.0,0.5455487,149.0,147.0,0.4275783,165.0,140.0,0.5533662,143.0,140.0,0.5031117,176.0,126.0,0.5882847,134.0,124.0,0.5991321,182.0,157.0,0.6944943,125.0,156.0,0.84162086,180.0,181.0,0.6865759,123.0,182.0,0.6742964,171.0,57.0,0.86636007,149.0,56.0,0.84600854,173.0,101.0,0.55100054,144.0,104.0,0.529464,170.0,132.0,0.29738894,149.0,127.0,0.35593456
guy3_dog056.jpg,146.0,147.0,0.40203583,150.0,149.0,0.5036496,144.0,149.0,0.54159385,156.0,142.0,0.5049865,136.0,141.0,0.5802103,166.0,124.0,0.6720593,126.0,125.0,0.5593021,176.0,153.0,0.8469519,118.0,156.0,0.6532696,178.0,179.0,0.62107646,123.0,181.0,0.6853372,151.0,61.0,0.7668688,131.0,61.0,0.779803,159.0,99.0,0.346712,132.0,103.0,0.60848016,152.0,125.0,0.20054042,135.0,126.0,0.43881148
guy3_dog056_flipped.jpg,149.0,144.0,0.37109458,154.0,146.0,0.5650957,146.0,147.0,0.3716785,162.0,139.0,0.5541631,140.0,140.0,0.5239921,173.0,125.0,0.696499,132.0,124.0,0.6208332,180.0,154.0,0.75467,124.0,153.0,0.81807876,178.0,180.0,0.6706197,123.0,181.0,0.84983,169.0,58.0,0.8709207,147.0,58.0,0.84976774,170.0,102.0,0.4962784,143.0,103.0,0.56695235,170.0,130.0,0.31468973,148.0,126.0,0.26434222
guy3_dog057.jpg,147.0,146.0,0.39917555,152.0,149.0,0.5629708,145.0,148.0,0.51430506,158.0,143.0,0.52739835,138.0,141.0,0.58117485,169.0,125.0,0.69091046,127.0,127.0,0.4766427,178.0,155.0,0.80445033,120.0,158.0,0.62531686,179.0,178.0,0.602842,123.0,181.0,0.7085824,152.0,61.0,0.70656836,131.0,62.0,0.8155743,160.0,100.0,0.32040066,134.0,103.0,0.53138304,151.0,126.0,0.19267246,135.0,128.0,0.39066204
guy3_dog057_flipped.jpg,149.0,143.0,0.40726224,154.0,147.0,0.34714603,145.0,147.0,0.5351801,162.0,140.0,0.63393205,140.0,140.0,0.56789577,171.0,126.0,0.7032223,130.0,125.0,0.5976715,178.0,155.0,0.5534785,122.0,155.0,0.8023669,177.0,180.0,0.7158114,121.0,180.0,0.88035655,166.0,59.0,0.8693024,144.0,59.0,0.8499694,167.0,104.0,0.50106347,140.0,105.0,0.42724633,168.0,134.0,0.3409297,146.0,130.0,0.16915902
guy3_dog058.jpg,149.0,148.0,0.2906076,154.0,150.0,0.54552704,147.0,149.0,0.36826715,161.0,142.0,0.573668,140.0,142.0,0.4850859,171.0,126.0,0.69594204,129.0,126.0,0.41812265,179.0,159.0,0.7561708,122.0,158.0,0.7761214,179.0,177.0,0.51900375,125.0,180.0,0.42957026,156.0,61.0,0.8305187,135.0,61.0,0.553694,160.0,97.0,0.5266757,138.0,100.0,0.535101,156.0,127.0,0.18534987,140.0,129.0,0.40915948
guy3_dog058_flipped.jpg,148.0,144.0,0.4292781,152.0,148.0,0.49942115,144.0,148.0,0.6094615,160.0,140.0,0.5653522,138.0,141.0,0.6430782,170.0,125.0,0.68558764,129.0,126.0,0.47904116,178.0,155.0,0.64671993,120.0,153.0,0.63147986,175.0,178.0,0.63943434,120.0,180.0,0.79170483,164.0,58.0,0.8574251,140.0,58.0,0.802584,166.0,108.0,0.4398724,136.0,108.0,0.49725834,165.0,139.0,0.28700522,144.0,132.0,0.18181497
guy3_dog059.jpg,152.0,147.0,0.3692157,155.0,151.0,0.46714327,148.0,149.0,0.48272145,162.0,143.0,0.48631224,142.0,142.0,0.5333573,173.0,126.0,0.6784253,131.0,126.0,0.4516365,180.0,155.0,0.7078813,123.0,157.0,0.81347716,181.0,179.0,0.61097956,125.0,180.0,0.40519577,159.0,60.0,0.80268806,138.0,60.0,0.8500737,162.0,100.0,0.41920477,139.0,103.0,0.4794282,158.0,127.0,0.20212619,141.0,125.0,0.5363184
guy3_dog059_flipped.jpg,143.0,145.0,0.34452164,149.0,148.0,0.473398,141.0,148.0,0.5651872,157.0,141.0,0.4942214,136.0,142.0,0.5846585,168.0,126.0,0.5935319,126.0,126.0,0.48687732,176.0,156.0,0.7519256,118.0,156.0,0.81740457,174.0,180.0,0.52871335,119.0,181.0,0.89513373,160.0,59.0,0.838599,136.0,60.0,0.8024685,161.0,105.0,0.55741334,135.0,105.0,0.5496166,161.0,134.0,0.3838328,146.0,134.0,0.35318488
guy3_dog060.jpg,152.0,146.0,0.36996865,157.0,150.0,0.33006272,149.0,149.0,0.46955597,163.0,143.0,0.49876183,143.0,142.0,0.43958768,175.0,125.0,0.7026082,133.0,127.0,0.3924593,184.0,157.0,0.80973595,126.0,158.0,0.78110766,184.0,178.0,0.66411096,126.0,179.0,0.44587076,161.0,61.0,0.7883969,140.0,61.0,0.8710835,164.0,99.0,0.5082631,143.0,101.0,0.54321575,160.0,127.0,0.2117113,148.0,129.0,0.40338907
guy3_dog060_flipped.jpg,143.0,145.0,0.4083126,148.0,149.0,0.5115092,140.0,149.0,0.44022197,155.0,142.0,0.523797,134.0,142.0,0.43978885,166.0,127.0,0.5826287,125.0,126.0,0.6424688,174.0,157.0,0.7441691,116.0,157.0,0.84665406,173.0,179.0,0.5624625,117.0,181.0,0.886443,159.0,59.0,0.86893636,136.0,58.0,0.730199,159.0,105.0,0.49587753,133.0,105.0,0.4930123,158.0,134.0,0.2841015,140.0,131.0,0.296224
guy3_dog061.jpg,154.0,147.0,0.2783776,158.0,151.0,0.5506139,151.0,151.0,0.45519054,165.0,144.0,0.4884513,145.0,144.0,0.50217056,177.0,127.0,0.6829927,136.0,126.0,0.507452,185.0,157.0,0.771166,128.0,156.0,0.8074451,185.0,182.0,0.6287787,128.0,183.0,0.8103868,164.0,62.0,0.8298249,143.0,61.0,0.67102355,169.0,99.0,0.40305096,147.0,99.0,0.41419858,167.0,126.0,0.16367361,148.0,125.0,0.39831352
guy3_dog061_flipped.jpg,141.0,147.0,0.38385615,146.0,150.0,0.44223857,137.0,150.0,0.55273914,153.0,144.0,0.5723702,131.0,144.0,0.52054995,163.0,128.0,0.673964,122.0,126.0,0.6443948,171.0,159.0,0.61944234,114.0,158.0,0.8520483,172.0,182.0,0.5378371,114.0,183.0,0.74797344,154.0,60.0,0.82921994,131.0,60.0,0.67491716,157.0,106.0,0.3371033,131.0,107.0,0.5794966,157.0,135.0,0.33320558,138.0,130.0,0.23069318
guy3_dog062.jpg,155.0,147.0,0.35270053,160.0,151.0,0.49481747,153.0,150.0,0.5800501,168.0,144.0,0.5686321,147.0,144.0,0.56642413,179.0,127.0,0.6127739,138.0,127.0,0.33020806,187.0,158.0,0.74132836,129.0,158.0,0.7343996,187.0,183.0,0.70641047,130.0,183.0,0.8168606,167.0,61.0,0.7997404,146.0,61.0,0.8884642,170.0,101.0,0.5864016,147.0,100.0,0.5378643,165.0,130.0,0.18357831,149.0,131.0,0.46442223
guy3_dog062_flipped.jpg,141.0,146.0,0.45347503,145.0,150.0,0.42104632,136.0,150.0,0.56182134,152.0,144.0,0.57227755,131.0,145.0,0.611459,161.0,128.0,0.72216445,121.0,126.0,0.6433652,170.0,156.0,0.7668035,112.0,159.0,0.87577677,170.0,184.0,0.784256,113.0,185.0,0.7390075,152.0,62.0,0.7953646,130.0,61.0,0.8551371,155.0,107.0,0.5246837,129.0,111.0,0.5348947,153.0,135.0,0.17336233,138.0,133.0,0.27216214
guy3_dog063.jpg,158.0,149.0,0.35839033,162.0,153.0,0.31170338,154.0,153.0,0.53716993,168.0,144.0,0.50098026,148.0,146.0,0.534882,180.0,127.0,0.6757401,141.0,128.0,0.44311216,189.0,159.0,0.6636529,131.0,160.0,0.62330914,188.0,187.0,0.5871744,131.0,188.0,0.5323224,169.0,62.0,0.7430006,149.0,62.0,0.8483681,174.0,105.0,0.40626433,150.0,102.0,0.61407053,170.0,128.0,0.24318235,152.0,127.0,0.39703763
guy3_dog063_flipped.jpg,137.0,152.0,0.41080856,142.0,155.0,0.48625472,134.0,155.0,0.48016056,149.0,147.0,0.5268606,128.0,148.0,0.50828624,161.0,130.0,0.6683914,119.0,127.0,0.49790615,168.0,160.0,0.748301,110.0,160.0,0.7113581,168.0,183.0,0.6045104,111.0,184.0,0.842542,148.0,60.0,0.8610372,126.0,61.0,0.73623633,150.0,104.0,0.6297597,126.0,109.0,0.5674242,149.0,137.0,0.19318116,134.0,135.0,0.24726142
guy3_dog064.jpg,161.0,149.0,0.38606474,164.0,152.0,0.49711728,157.0,152.0,0.46570992,171.0,143.0,0.5816467,150.0,145.0,0.46431795,183.0,129.0,0.6818161,142.0,130.0,0.51884127,190.0,160.0,0.75466895,133.0,160.0,0.72467506,190.0,188.0,0.67151725,133.0,188.0,0.8975828,171.0,64.0,0.73546535,152.0,65.0,0.8798308,178.0,105.0,0.3891084,152.0,102.0,0.4503303,175.0,131.0,0.2368024,156.0,131.0,0.39702561
guy3_dog064_flipped.jpg,135.0,150.0,0.44207153,140.0,154.0,0.5140935,132.0,153.0,0.44499406,147.0,147.0,0.5928348,127.0,147.0,0.51673985,157.0,130.0,0.710668,117.0,128.0,0.60372925,166.0,160.0,0.72557473,108.0,161.0,0.85626984,167.0,186.0,0.7221886,109.0,187.0,0.87056684,146.0,61.0,0.78594726,124.0,61.0,0.82369584,147.0,105.0,0.57112813,122.0,110.0,0.5414156,147.0,136.0,0.2213655,129.0,133.0,0.28278485
guy3_dog065.jpg,164.0,154.0,0.40978527,168.0,156.0,0.5279013,160.0,157.0,0.53188705,175.0,147.0,0.52786803,152.0,148.0,0.501265,186.0,131.0,0.53951955,144.0,132.0,0.52155423,193.0,163.0,0.8350848,134.0,162.0,0.8160211,192.0,188.0,0.4563508,134.0,189.0,0.8137761,176.0,63.0,0.8112265,155.0,64.0,0.84622633,180.0,103.0,0.4722221,154.0,104.0,0.49612144,178.0,133.0,0.27456418,156.0,130.0,0.45394292
guy3_dog065_flipped.jpg,133.0,154.0,0.36244428,137.0,158.0,0.5701113,129.0,157.0,0.55093366,142.0,150.0,0.52422625,122.0,149.0,0.44113678,154.0,130.0,0.68371874,113.0,129.0,0.64519054,163.0,163.0,0.75198185,106.0,163.0,0.7780819,165.0,189.0,0.6282327,107.0,191.0,0.86154306,141.0,62.0,0.7319367,118.0,63.0,0.8134678,144.0,109.0,0.57616895,120.0,113.0,0.63430536,144.0,137.0,0.18690078,127.0,135.0,0.2005591
guy3_dog066.jpg,166.0,152.0,0.37666172,170.0,155.0,0.4430533,162.0,155.0,0.56498873,179.0,146.0,0.63216794,155.0,148.0,0.538432,189.0,131.0,0.66929626,145.0,134.0,0.3601096,195.0,163.0,0.755897,136.0,162.0,0.585124,193.0,187.0,0.6605366,135.0,188.0,0.73193115,177.0,65.0,0.7827329,157.0,66.0,0.87512493,182.0,107.0,0.5127293,157.0,104.0,0.61188936,179.0,137.0,0.32370815,160.0,134.0,0.5074662
guy3_dog066_flipped.jpg,131.0,153.0,0.3620413,134.0,157.0,0.51451546,127.0,156.0,0.5734594,141.0,150.0,0.54151344,120.0,149.0,0.4993973,154.0,133.0,0.62500316,110.0,132.0,0.4782845,163.0,162.0,0.70306087,103.0,164.0,0.7612096,165.0,189.0,0.6288683,106.0,191.0,0.7992333,140.0,61.0,0.80851424,116.0,62.0,0.6801631,142.0,109.0,0.37691432,117.0,111.0,0.5757991,140.0,138.0,0.19750567,121.0,139.0,0.26330087
guy3_dog067.jpg,168.0,154.0,0.38810152,173.0,156.0,0.5226763,164.0,157.0,0.37976027,182.0,147.0,0.6986551,158.0,149.0,0.4716326,191.0,132.0,0.6567625,148.0,131.0,0.45234638,197.0,165.0,0.8078867,137.0,162.0,0.7664324,197.0,187.0,0.6007508,137.0,190.0,0.7890228,183.0,65.0,0.809437,161.0,66.0,0.8474293,186.0,107.0,0.39022425,160.0,106.0,0.5187566,184.0,135.0,0.31443596,163.0,132.0,0.38586175
guy3_dog067_flipped.jpg,128.0,157.0,0.2984803,133.0,159.0,0.6024711,125.0,158.0,0.48147246,140.0,151.0,0.6105715,118.0,150.0,0.47645253,153.0,134.0,0.6699091,107.0,132.0,0.53764,161.0,164.0,0.7446666,101.0,166.0,0.69889545,163.0,188.0,0.73831785,103.0,188.0,0.5767528,136.0,63.0,0.8211403,113.0,64.0,0.82247984,139.0,106.0,0.56975824,114.0,110.0,0.52198124,137.0,140.0,0.19392645,120.0,138.0,0.21439959
guy3_dog068.jpg,170.0,154.0,0.41313964,175.0,156.0,0.51586014,167.0,157.0,0.3491774,182.0,149.0,0.6126323,160.0,150.0,0.55798197,194.0,133.0,0.5305192,150.0,132.0,0.62332785,200.0,166.0,0.81972516,140.0,164.0,0.814684,198.0,186.0,0.614084,137.0,188.0,0.5269809,185.0,66.0,0.7811327,164.0,66.0,0.8634332,189.0,106.0,0.39951584,162.0,106.0,0.4259871,186.0,136.0,0.3053957,167.0,134.0,0.41935965
guy3_dog068_flipped.jpg,125.0,154.0,0.35592148,130.0,158.0,0.5099623,122.0,157.0,0.50340927,137.0,151.0,0.5686463,115.0,150.0,0.65516925,150.0,134.0,0.76113707,104.0,134.0,0.4309997,159.0,165.0,0.741897,99.0,169.0,0.88697934,162.0,190.0,0.7924199,103.0,191.0,0.4517328,133.0,63.0,0.78828484,110.0,65.0,0.83383036,137.0,107.0,0.56908834,112.0,110.0,0.53531545,134.0,140.0,0.23514116,116.0,140.0,0.3554108
guy3_dog069.jpg,173.0,156.0,0.3939218,178.0,158.0,0.47897503,168.0,159.0,0.44845083,186.0,150.0,0.6338189,162.0,151.0,0.47050148,196.0,136.0,0.67835104,152.0,133.0,0.6540671,202.0,170.0,0.7907257,141.0,166.0,0.7024101,201.0,190.0,0.40203935,139.0,192.0,0.73929656,190.0,66.0,0.8303585,167.0,66.0,0.6828562,191.0,106.0,0.36730412,164.0,106.0,0.47738624,189.0,139.0,0.32813743,168.0,131.0,0.41859818
guy3_dog069_flipped.jpg,123.0,154.0,0.3829006,128.0,159.0,0.44221324,121.0,158.0,0.36927992,135.0,151.0,0.5955274,114.0,151.0,0.5711969,148.0,134.0,0.7700069,103.0,136.0,0.39877883,159.0,166.0,0.7160326,98.0,168.0,0.79001975,160.0,193.0,0.7478787,100.0,193.0,0.61663747,130.0,65.0,0.8045651,107.0,66.0,0.8568054,135.0,113.0,0.5241375,109.0,113.0,0.5243052,130.0,141.0,0.2739015,113.0,142.0,0.36654866
guy3_dog070.jpg,175.0,156.0,0.38055852,179.0,158.0,0.4165474,170.0,160.0,0.44013283,188.0,152.0,0.55254614,163.0,153.0,0.49200684,197.0,135.0,0.62456053,154.0,133.0,0.6570774,204.0,167.0,0.81853825,142.0,166.0,0.70982707,201.0,195.0,0.64829683,140.0,195.0,0.7547681,192.0,66.0,0.7752323,169.0,67.0,0.82133365,194.0,110.0,0.53758997,165.0,109.0,0.48298496,193.0,141.0,0.42839822,169.0,133.0,0.31628233
guy3_dog070_flipped.jpg,122.0,155.0,0.3404799,126.0,160.0,0.389433,118.0,159.0,0.44143853,133.0,151.0,0.5379486,112.0,152.0,0.594388,146.0,135.0,0.721056,101.0,137.0,0.40489668,156.0,166.0,0.79752207,96.0,169.0,0.7650287,159.0,193.0,0.6791605,99.0,195.0,0.5628448,128.0,66.0,0.8290489,105.0,68.0,0.88154995,132.0,110.0,0.50217414,108.0,112.0,0.4741938,129.0,137.0,0.18616238,108.0,140.0,0.37495512
guy3_dog071.jpg,176.0,156.0,0.38214746,180.0,159.0,0.4648831,172.0,160.0,0.475214,189.0,151.0,0.6996231,166.0,153.0,0.41081607,200.0,135.0,0.7077559,155.0,134.0,0.4702206,206.0,169.0,0.8136428,143.0,167.0,0.7808043,203.0,193.0,0.73980117,140.0,194.0,0.7943071,194.0,68.0,0.81260955,172.0,68.0,0.8641191,196.0,109.0,0.49933574,167.0,108.0,0.46329042,194.0,143.0,0.34987438,171.0,133.0,0.38409567
guy3_dog071_flipped.jpg,120.0,157.0,0.3543832,125.0,161.0,0.3440255,117.0,160.0,0.50010914,132.0,152.0,0.5639553,110.0,154.0,0.6103492,144.0,136.0,0.68289864,99.0,138.0,0.5112515,156.0,168.0,0.7027819,93.0,171.0,0.69745195,161.0,195.0,0.7040987,98.0,197.0,0.659849,125.0,67.0,0.82424927,101.0,69.0,0.86515725,128.0,112.0,0.38466427,104.0,113.0,0.41217738,127.0,136.0,0.15604429,103.0,140.0,0.41382894
guy3_dog072.jpg,176.0,160.0,0.36768192,179.0,164.0,0.5132402,172.0,164.0,0.4711927,190.0,156.0,0.63136333,165.0,156.0,0.46184057,202.0,140.0,0.70446205,156.0,137.0,0.57397896,207.0,173.0,0.83984846,145.0,168.0,0.59596175,203.0,196.0,0.693096,142.0,197.0,0.72809917,197.0,68.0,0.770887,175.0,68.0,0.81749415,197.0,110.0,0.43332657,172.0,107.0,0.63744414,195.0,142.0,0.34800288,174.0,135.0,0.47579545
guy3_dog072_flipped.jpg,120.0,160.0,0.37709007,125.0,164.0,0.43190083,117.0,164.0,0.39944816,131.0,155.0,0.5249381,109.0,157.0,0.5972372,143.0,135.0,0.58102536,98.0,139.0,0.44522506,154.0,168.0,0.84610885,92.0,172.0,0.8819137,158.0,196.0,0.8827842,96.0,201.0,0.7745863,123.0,68.0,0.7924507,99.0,69.0,0.64759064,127.0,110.0,0.4758115,104.0,110.0,0.42883348,125.0,139.0,0.15756632,105.0,138.0,0.294782
guy3_dog073.jpg,177.0,160.0,0.37597227,181.0,163.0,0.40933463,172.0,163.0,0.53304446,189.0,156.0,0.56786036,165.0,156.0,0.54006326,203.0,140.0,0.6950444,156.0,139.0,0.55034304,209.0,172.0,0.816999,147.0,169.0,0.77705365,205.0,198.0,0.8336748,143.0,198.0,0.8249829,201.0,68.0,0.7709723,178.0,68.0,0.77587974,201.0,115.0,0.3777054,173.0,111.0,0.5638486,197.0,145.0,0.30418718,178.0,141.0,0.5544827
guy3_dog073_flipped.jpg,120.0,163.0,0.343628,125.0,165.0,0.45707512,116.0,166.0,0.5767666,130.0,155.0,0.5143313,108.0,158.0,0.6194055,141.0,137.0,0.7972504,95.0,141.0,0.5145235,153.0,169.0,0.8205378,89.0,175.0,0.8288308,158.0,199.0,0.6092971,96.0,201.0,0.7904121,120.0,67.0,0.85824126,96.0,70.0,0.88646907,126.0,114.0,0.62778187,101.0,116.0,0.59819424,125.0,144.0,0.23005801,102.0,146.0,0.29835483
guy3_dog074.jpg,178.0,162.0,0.38251626,183.0,166.0,0.46502948,174.0,165.0,0.5497033,191.0,157.0,0.5243705,167.0,156.0,0.43978876,205.0,140.0,0.76346636,159.0,138.0,0.56074715,210.0,174.0,0.80991703,147.0,170.0,0.7454537,206.0,195.0,0.62707627,144.0,197.0,0.7207352,201.0,72.0,0.76992273,180.0,71.0,0.61595863,203.0,112.0,0.3789237,174.0,111.0,0.4550116,196.0,146.0,0.23109308,180.0,140.0,0.5271661
guy3_dog074_flipped.jpg,117.0,168.0,0.42002597,122.0,170.0,0.48210475,114.0,170.0,0.4880083,127.0,159.0,0.493552,106.0,160.0,0.59020793,139.0,140.0,0.8214767,93.0,140.0,0.642593,152.0,170.0,0.8482903,89.0,177.0,0.88604665,156.0,200.0,0.7656551,93.0,201.0,0.7343149,117.0,69.0,0.72798854,94.0,71.0,0.77267176,126.0,118.0,0.3329957,99.0,119.0,0.44746748,121.0,142.0,0.16364798,99.0,141.0,0.23365384
guy3_dog075.jpg,180.0,163.0,0.40280786,184.0,166.0,0.44639966,176.0,166.0,0.4365541,194.0,158.0,0.42702553,170.0,158.0,0.45814076,207.0,139.0,0.6678256,162.0,137.0,0.49613172,212.0,175.0,0.72944796,148.0,169.0,0.7428484,206.0,195.0,0.48609707,143.0,197.0,0.7441983,206.0,69.0,0.81402916,183.0,69.0,0.6171266,206.0,112.0,0.4052472,178.0,110.0,0.56297207,200.0,143.0,0.25520334,183.0,142.0,0.5465702
guy3_dog075_flipped.jpg,115.0,167.0,0.29856104,120.0,169.0,0.4871327,112.0,169.0,0.5504637,126.0,159.0,0.52960646,103.0,160.0,0.5005512,137.0,139.0,0.71014917,92.0,140.0,0.5889491,151.0,170.0,0.8952687,87.0,176.0,0.85056263,156.0,200.0,0.60210896,93.0,202.0,0.65611005,116.0,66.0,0.80368346,92.0,69.0,0.7336819,122.0,115.0,0.52662015,96.0,120.0,0.6184228,119.0,144.0,0.20534225,99.0,144.0,0.20652218
guy3_dog076.jpg,181.0,164.0,0.39566055,186.0,167.0,0.45748734,177.0,166.0,0.34342086,195.0,159.0,0.51849633,171.0,158.0,0.5264697,209.0,141.0,0.51250625,162.0,140.0,0.37023488,212.0,176.0,0.81228703,149.0,171.0,0.7907473,208.0,196.0,0.60116386,145.0,199.0,0.8205816,209.0,71.0,0.85438246,187.0,70.0,0.5981494,209.0,111.0,0.40461528,182.0,106.0,0.6129737,205.0,140.0,0.25952142,186.0,141.0,0.50062656
guy3_dog076_flipped.jpg,113.0,166.0,0.39927545,118.0,169.0,0.5060936,111.0,169.0,0.43345875,123.0,159.0,0.54235506,101.0,160.0,0.46855325,135.0,139.0,0.7282206,89.0,142.0,0.54098046,150.0,171.0,0.7703633,85.0,178.0,0.862574,155.0,199.0,0.5069432,92.0,202.0,0.48433074,112.0,68.0,0.8520046,88.0,71.0,0.75120246,119.0,115.0,0.4982588,93.0,117.0,0.65036196,115.0,143.0,0.21991798,96.0,144.0,0.28422713
guy3_dog077.jpg,181.0,162.0,0.3173401,186.0,166.0,0.35628495,177.0,166.0,0.5827446,196.0,158.0,0.53116286,172.0,159.0,0.53879726,209.0,143.0,0.58828527,164.0,140.0,0.6747036,215.0,177.0,0.7831068,151.0,170.0,0.70524657,208.0,198.0,0.60865796,145.0,200.0,0.8767266,211.0,72.0,0.84502447,189.0,70.0,0.8101844,212.0,118.0,0.3754782,191.0,113.0,0.400391,207.0,142.0,0.2510693,191.0,142.0,0.29290906
guy3_dog077_flipped.jpg,114.0,168.0,0.3719389,118.0,171.0,0.4003142,111.0,171.0,0.54528224,123.0,161.0,0.57304716,101.0,162.0,0.5279829,136.0,140.0,0.71073693,88.0,142.0,0.650843,148.0,173.0,0.8462234,84.0,179.0,0.7808894,155.0,202.0,0.59491813,92.0,204.0,0.6353409,110.0,69.0,0.76230985,86.0,71.0,0.71589446,117.0,117.0,0.49007288,90.0,124.0,0.5558312,111.0,145.0,0.19153094,92.0,149.0,0.19897991
guy3_dog078.jpg,183.0,165.0,0.40940166,187.0,168.0,0.36088842,178.0,168.0,0.5178151,198.0,161.0,0.5252578,173.0,161.0,0.5560224,211.0,145.0,0.53167367,164.0,141.0,0.5464505,215.0,180.0,0.7144346,150.0,172.0,0.7886733,209.0,203.0,0.61342835,145.0,203.0,0.75165355,212.0,72.0,0.7642614,190.0,70.0,0.873958,215.0,117.0,0.43048885,193.0,110.0,0.582461,211.0,147.0,0.2990354,194.0,143.0,0.2399233
guy3_dog078_flipped.jpg,114.0,170.0,0.38530466,119.0,172.0,0.48463553,110.0,173.0,0.57155156,124.0,162.0,0.49523282,100.0,163.0,0.60964274,134.0,140.0,0.63366055,87.0,143.0,0.53032947,148.0,173.0,0.8815125,84.0,180.0,0.6150448,154.0,203.0,0.8271445,91.0,207.0,0.8018236,110.0,70.0,0.8124752,85.0,73.0,0.7376218,118.0,122.0,0.5757128,88.0,130.0,0.5992925,114.0,150.0,0.20927027,92.0,154.0,0.20462462
guy3_dog079.jpg,183.0,167.0,0.3872538,187.0,169.0,0.48196313,180.0,170.0,0.47170705,199.0,160.0,0.6605462,174.0,162.0,0.5247828,213.0,147.0,0.6507727,166.0,143.0,0.5996715,217.0,182.0,0.80625105,152.0,174.0,0.8066695,210.0,205.0,0.6688473,146.0,205.0,0.7869547,216.0,73.0,0.6905466,193.0,72.0,0.68094015,217.0,122.0,0.4407961,196.0,119.0,0.320144,209.0,152.0,0.30829474,196.0,151.0,0.3458931
guy3_dog079_flipped.jpg,113.0,171.0,0.31621656,117.0,173.0,0.41964382,108.0,173.0,0.5454453,121.0,162.0,0.5173508,98.0,164.0,0.61448085,132.0,141.0,0.6495621,84.0,143.0,0.54500806,147.0,173.0,0.8073218,83.0,182.0,0.7826983,153.0,204.0,0.8001313,92.0,211.0,0.90496457,108.0,70.0,0.811355,82.0,74.0,0.7529672,116.0,121.0,0.55009544,87.0,125.0,0.6001891,110.0,142.0,0.24006255,88.0,148.0,0.20335849
guy3_dog080.jpg,187.0,167.0,0.46524367,190.0,170.0,0.6218249,183.0,170.0,0.50089896,200.0,163.0,0.58864796,178.0,162.0,0.514211,215.0,148.0,0.4828158,167.0,142.0,0.5914929,218.0,182.0,0.6745121,153.0,173.0,0.7335161,210.0,210.0,0.61007833,145.0,204.0,0.8628143,220.0,73.0,0.7799738,195.0,71.0,0.8485238,219.0,127.0,0.41077816,200.0,122.0,0.31666595,217.0,150.0,0.28385818,203.0,144.0,0.20356409
guy3_dog080_flipped.jpg,110.0,169.0,0.4097808,116.0,171.0,0.47967985,108.0,172.0,0.5098072,121.0,161.0,0.5672717,97.0,164.0,0.62591743,132.0,142.0,0.83539647,82.0,146.0,0.40746674,146.0,175.0,0.82670915,82.0,185.0,0.71679723,154.0,205.0,0.88845944,90.0,210.0,0.78488076,105.0,70.0,0.84857047,79.0,73.0,0.8083215,112.0,117.0,0.5812839,84.0,121.0,0.45934674,104.0,143.0,0.14240621,83.0,146.0,0.23540398
guy3_dog081.jpg,185.0,167.0,0.35144913,191.0,171.0,0.5654999,181.0,171.0,0.5534129,202.0,163.0,0.5452901,175.0,162.0,0.5637655,216.0,146.0,0.6160048,168.0,142.0,0.671821,217.0,182.0,0.8683531,152.0,173.0,0.8462616,207.0,212.0,0.8229321,145.0,204.0,0.7426131,220.0,71.0,0.7481786,197.0,70.0,0.77065045,226.0,120.0,0.4167241,202.0,120.0,0.25316826,222.0,152.0,0.40317354,211.0,147.0,0.32682812
guy3_dog081_flipped.jpg,111.0,168.0,0.37830234,116.0,171.0,0.38918257,107.0,172.0,0.44534788,120.0,162.0,0.53583556,97.0,165.0,0.60339105,128.0,141.0,0.6884879,83.0,145.0,0.3271651,144.0,173.0,0.7881703,81.0,182.0,0.67856395,155.0,204.0,0.71827257,92.0,214.0,0.8237694,101.0,67.0,0.7265235,78.0,69.0,0.705673,108.0,119.0,0.40684143,81.0,126.0,0.58095574,95.0,145.0,0.20832992,78.0,151.0,0.3396743
guy3_dog082.jpg,186.0,167.0,0.37537855,191.0,173.0,0.41728422,180.0,171.0,0.51881474,202.0,164.0,0.605513,175.0,163.0,0.53389245,217.0,146.0,0.6045439,169.0,143.0,0.5749004,219.0,184.0,0.690243,153.0,173.0,0.7467207,207.0,214.0,0.73023343,145.0,206.0,0.7124269,223.0,70.0,0.8279955,198.0,70.0,0.7239034,226.0,119.0,0.28990602,200.0,115.0,0.31205046,223.0,153.0,0.37202203,211.0,148.0,0.31248188
guy3_dog082_flipped.jpg,111.0,169.0,0.38887802,115.0,172.0,0.51434404,107.0,173.0,0.5525383,120.0,162.0,0.6162051,97.0,165.0,0.6992114,131.0,142.0,0.66189516,83.0,146.0,0.53119075,145.0,174.0,0.86032385,80.0,185.0,0.6968906,155.0,206.0,0.85142404,91.0,210.0,0.7681272,103.0,70.0,0.8293583,76.0,74.0,0.782423,110.0,119.0,0.6070362,80.0,129.0,0.44847548,103.0,149.0,0.24684459,78.0,153.0,0.22946684
guy3_dog083.jpg,188.0,169.0,0.43816397,192.0,173.0,0.5472903,181.0,173.0,0.6048918,203.0,165.0,0.6125034,177.0,164.0,0.45061007,218.0,146.0,0.557988,170.0,142.0,0.54405576,219.0,184.0,0.7447226,153.0,174.0,0.82245934,207.0,216.0,0.77865595,143.0,207.0,0.8016856,225.0,71.0,0.81303704,199.0,70.0,0.802143,228.0,120.0,0.44400436,206.0,120.0,0.3615315,228.0,158.0,0.40058503,212.0,150.0,0.2433992
guy3_dog083_flipped.jpg,108.0,172.0,0.3558623,112.0,175.0,0.50065976,104.0,175.0,0.5691206,118.0,166.0,0.39083004,94.0,167.0,0.50369763,129.0,141.0,0.66033554,81.0,147.0,0.48534843,145.0,176.0,0.6981275,80.0,185.0,0.77456737,155.0,205.0,0.72983235,87.0,206.0,0.35713026,100.0,71.0,0.8228141,73.0,74.0,0.70107317,105.0,118.0,0.3680151,73.0,123.0,0.4965326,99.0,152.0,0.24091938,71.0,159.0,0.54430014
guy3_dog084.jpg,187.0,170.0,0.46085262,192.0,174.0,0.61286795,182.0,173.0,0.6457584,203.0,165.0,0.60719883,176.0,164.0,0.4560043,219.0,149.0,0.4182957,169.0,143.0,0.53283405,220.0,185.0,0.78275144,152.0,176.0,0.90681964,207.0,216.0,0.81891435,143.0,208.0,0.8829863,226.0,71.0,0.84782374,201.0,70.0,0.7671614,230.0,123.0,0.58280647,208.0,118.0,0.37676027,233.0,159.0,0.5318229,211.0,151.0,0.1876483
guy3_dog084_flipped.jpg,107.0,171.0,0.35442933,113.0,174.0,0.4375666,105.0,174.0,0.47479767,118.0,164.0,0.62504363,95.0,167.0,0.63943243,129.0,143.0,0.83384734,80.0,148.0,0.4872345,145.0,178.0,0.7879333,80.0,187.0,0.819771,155.0,207.0,0.60735023,88.0,208.0,0.3308608,98.0,72.0,0.8420524,71.0,75.0,0.8270528,100.0,120.0,0.42683628,71.0,126.0,0.51473963,94.0,156.0,0.24548973,68.0,162.0,0.59375274
guy3_dog085.jpg,187.0,171.0,0.43914503,191.0,175.0,0.5817963,182.0,175.0,0.61714756,202.0,166.0,0.63378584,176.0,166.0,0.6659806,218.0,150.0,0.50167966,169.0,143.0,0.49186835,218.0,187.0,0.7618979,151.0,177.0,0.91582114,206.0,219.0,0.65385854,144.0,208.0,0.89007014,227.0,69.0,0.83254206,202.0,68.0,0.8244845,234.0,123.0,0.60570455,210.0,120.0,0.49027178,235.0,163.0,0.5322546,229.0,159.0,0.48517624
guy3_dog085_flipped.jpg,109.0,173.0,0.40649712,114.0,176.0,0.44233465,106.0,177.0,0.44092113,119.0,165.0,0.60049295,96.0,168.0,0.5304378,129.0,143.0,0.79372716,80.0,149.0,0.5372947,144.0,176.0,0.77443886,80.0,188.0,0.8322458,156.0,208.0,0.48265064,90.0,211.0,0.34703943,95.0,71.0,0.8395935,69.0,73.0,0.74995565,99.0,121.0,0.46056575,68.0,125.0,0.7157151,92.0,154.0,0.16638449,65.0,162.0,0.5739311
guy3_dog086.jpg,187.0,171.0,0.4031405,191.0,175.0,0.548604,181.0,175.0,0.54726917,201.0,166.0,0.5696356,176.0,166.0,0.609915,217.0,149.0,0.4934953,170.0,143.0,0.41702738,218.0,186.0,0.78307694,152.0,177.0,0.8631556,206.0,218.0,0.6580045,142.0,208.0,0.7918377,226.0,71.0,0.7658913,201.0,71.0,0.76219624,235.0,122.0,0.6100924,210.0,119.0,0.43033937,237.0,163.0,0.48942503,232.0,161.0,0.4850588
guy3_dog086_flipped.jpg,109.0,173.0,0.33981845,115.0,175.0,0.5038316,107.0,177.0,0.5417669,121.0,164.0,0.5765586,98.0,168.0,0.64387417,129.0,144.0,0.6969851,78.0,148.0,0.58741534,145.0,177.0,0.8923284,81.0,189.0,0.7217879,157.0,208.0,0.83158225,91.0,213.0,0.53620493,94.0,74.0,0.8249073,66.0,75.0,0.66914606,100.0,122.0,0.4016935,67.0,128.0,0.73078763,87.0,151.0,0.19847614,63.0,164.0,0.58359325
guy3_dog087.jpg,187.0,170.0,0.42566675,191.0,174.0,0.51353514,181.0,175.0,0.5712439,200.0,166.0,0.65031844,176.0,166.0,0.65872896,215.0,149.0,0.5830635,170.0,143.0,0.4876975,217.0,188.0,0.5301571,151.0,179.0,0.8224705,203.0,220.0,0.7429631,140.0,210.0,0.6764139,228.0,72.0,0.7815188,203.0,72.0,0.8414548,236.0,123.0,0.6785586,215.0,126.0,0.4704828,238.0,164.0,0.62410915,233.0,161.0,0.50016785
guy3_dog087_flipped.jpg,109.0,173.0,0.47625124,115.0,175.0,0.46084198,107.0,176.0,0.5217074,120.0,164.0,0.60999024,97.0,168.0,0.5521531,128.0,143.0,0.62622166,78.0,147.0,0.4886111,145.0,178.0,0.88510567,81.0,189.0,0.7419746,158.0,209.0,0.7274747,89.0,209.0,0.48792705,93.0,74.0,0.8658544,65.0,76.0,0.83824015,95.0,120.0,0.46710658,64.0,126.0,0.66444707,85.0,147.0,0.12665202,61.0,164.0,0.6180499
guy3_dog088.jpg,187.0,171.0,0.4335885,191.0,175.0,0.5138285,181.0,175.0,0.5837084,201.0,166.0,0.58515215,176.0,166.0,0.6746868,216.0,150.0,0.57369614,172.0,142.0,0.6751878,217.0,189.0,0.85739696,151.0,177.0,0.88437223,202.0,221.0,0.8124763,140.0,208.0,0.82889736,230.0,72.0,0.91620415,204.0,71.0,0.8472913,237.0,123.0,0.8034594,215.0,122.0,0.4982808,240.0,165.0,0.53457916,233.0,161.0,0.5356044
guy3_dog088_flipped.jpg,109.0,174.0,0.4087197,115.0,175.0,0.57643247,108.0,176.0,0.49038333,122.0,163.0,0.6201476,97.0,167.0,0.6601885,128.0,145.0,0.6378531,77.0,149.0,0.45516032,146.0,179.0,0.8510288,82.0,189.0,0.8522804,161.0,210.0,0.4677139,91.0,211.0,0.37757507,92.0,73.0,0.859572,65.0,75.0,0.70647585,93.0,118.0,0.5351373,62.0,127.0,0.6431996,84.0,143.0,0.12784779,60.0,164.0,0.69365114
guy3_dog089.jpg,186.0,172.0,0.44485712,190.0,176.0,0.5287679,181.0,176.0,0.53239095,200.0,167.0,0.67923355,176.0,166.0,0.6847012,216.0,151.0,0.65534806,170.0,143.0,0.4839272,217.0,190.0,0.8936813,151.0,178.0,0.69949174,202.0,221.0,0.7970506,138.0,210.0,0.76673615,232.0,71.0,0.8360176,206.0,70.0,0.83498424,239.0,123.0,0.6635661,215.0,121.0,0.49970582,241.0,166.0,0.6256869,235.0,162.0,0.48160297
guy3_dog089_flipped.jpg,110.0,172.0,0.46371445,116.0,174.0,0.43298638,109.0,175.0,0.57300234,122.0,163.0,0.6545244,98.0,168.0,0.7363807,128.0,144.0,0.7056899,78.0,151.0,0.5490644,146.0,179.0,0.9313189,82.0,189.0,0.7111732,161.0,209.0,0.81703365,93.0,213.0,0.49094465,91.0,72.0,0.8418071,65.0,74.0,0.7981788,93.0,115.0,0.5464997,62.0,124.0,0.73430145,83.0,144.0,0.15307269,59.0,165.0,0.67549455
guy3_dog090.jpg,186.0,172.0,0.40774405,189.0,176.0,0.57511485,180.0,175.0,0.43442887,199.0,166.0,0.69725466,175.0,166.0,0.68671787,215.0,152.0,0.72382295,169.0,143.0,0.5202397,216.0,189.0,0.61795616,149.0,180.0,0.89730114,199.0,222.0,0.81769526,137.0,210.0,0.67234874,235.0,70.0,0.9051108,208.0,69.0,0.8610949,240.0,123.0,0.7452576,219.0,122.0,0.51623905,243.0,168.0,0.5727617,236.0,162.0,0.43551636
guy3_dog090_flipped.jpg,111.0,173.0,0.47273728,117.0,175.0,0.5855267,109.0,177.0,0.46909007,121.0,165.0,0.5946628,97.0,168.0,0.4842485,127.0,142.0,0.82694286,80.0,149.0,0.61175054,146.0,179.0,0.84648836,83.0,192.0,0.8437214,162.0,210.0,0.7702654,99.0,222.0,0.6248771,90.0,68.0,0.79738426,62.0,72.0,0.8006792,86.0,121.0,0.52855486,59.0,127.0,0.7666414,61.0,159.0,0.39093146,56.0,166.0,0.65935946
guy3_dog091.jpg,185.0,171.0,0.36968368,189.0,175.0,0.5810771,180.0,175.0,0.48671323,199.0,165.0,0.63808644,174.0,166.0,0.64563847,215.0,149.0,0.6435516,169.0,142.0,0.5513253,215.0,190.0,0.74615276,149.0,179.0,0.85666835,198.0,222.0,0.86881995,136.0,210.0,0.6585096,235.0,71.0,0.90874153,207.0,69.0,0.8606763,240.0,125.0,0.7437315,215.0,123.0,0.52001745,245.0,166.0,0.6560033,237.0,163.0,0.45585147
guy3_dog091_flipped.jpg,113.0,173.0,0.48750028,118.0,175.0,0.59242153,110.0,176.0,0.42655998,123.0,164.0,0.6246662,99.0,168.0,0.6087134,127.0,143.0,0.70273125,80.0,150.0,0.47570422,148.0,178.0,0.88646007,85.0,192.0,0.85834694,165.0,209.0,0.61699533,96.0,212.0,0.25945032,89.0,71.0,0.8386142,62.0,73.0,0.75801766,88.0,120.0,0.57311726,60.0,128.0,0.7131686,74.0,160.0,0.2731873,55.0,168.0,0.6149069
guy3_dog092.jpg,186.0,171.0,0.41546464,189.0,175.0,0.5927143,180.0,175.0,0.4432223,198.0,165.0,0.6182247,174.0,166.0,0.6000287,213.0,151.0,0.68948376,168.0,142.0,0.5867864,212.0,189.0,0.90965366,147.0,179.0,0.87596476,195.0,222.0,0.73338145,134.0,210.0,0.6733922,235.0,70.0,0.8643914,207.0,70.0,0.8619072,241.0,123.0,0.7634495,219.0,122.0,0.4240553,245.0,169.0,0.6511282,232.0,166.0,0.34667802
guy3_dog092_flipped.jpg,113.0,176.0,0.50810695,117.0,178.0,0.5555123,111.0,179.0,0.519928,122.0,166.0,0.5468923,99.0,169.0,0.56489676,127.0,143.0,0.6519922,80.0,149.0,0.4533405,149.0,180.0,0.8430789,85.0,191.0,0.8027333,165.0,210.0,0.6396251,97.0,212.0,0.2891989,89.0,72.0,0.75798786,61.0,75.0,0.8740692,85.0,122.0,0.5972937,58.0,129.0,0.74015546,63.0,165.0,0.39365324,54.0,170.0,0.67389005
guy3_dog093.jpg,185.0,171.0,0.36183372,188.0,175.0,0.5784093,180.0,175.0,0.45313856,197.0,165.0,0.5874004,174.0,166.0,0.60998756,213.0,153.0,0.5045853,168.0,142.0,0.62078285,212.0,190.0,0.70894027,146.0,178.0,0.86517507,193.0,224.0,0.7948765,133.0,209.0,0.8225446,237.0,69.0,0.87887037,207.0,69.0,0.718907,243.0,127.0,0.5749531,220.0,124.0,0.49021935,246.0,170.0,0.5540484,236.0,164.0,0.54052293
guy3_dog093_flipped.jpg,115.0,175.0,0.47954014,121.0,178.0,0.590628,112.0,179.0,0.51272,125.0,166.0,0.6611355,100.0,169.0,0.51935416,130.0,144.0,0.6440201,81.0,149.0,0.60416794,152.0,178.0,0.84139156,86.0,191.0,0.76844704,167.0,209.0,0.62926364,98.0,209.0,0.28071755,89.0,74.0,0.9177069,61.0,75.0,0.8708967,88.0,123.0,0.5900326,56.0,131.0,0.85874563,68.0,165.0,0.39976647,52.0,171.0,0.7372852
guy3_dog094.jpg,185.0,171.0,0.35186633,188.0,175.0,0.57687604,178.0,175.0,0.5039947,196.0,166.0,0.5605655,173.0,166.0,0.51082784,211.0,153.0,0.54700565,166.0,142.0,0.60420835,211.0,191.0,0.74764496,145.0,179.0,0.85997194,192.0,224.0,0.7911513,131.0,209.0,0.71268904,237.0,69.0,0.82813126,208.0,69.0,0.7214923,243.0,126.0,0.6107409,221.0,123.0,0.50248665,247.0,169.0,0.58529866,238.0,165.0,0.551957
guy3_dog094_flipped.jpg,115.0,177.0,0.42443267,120.0,180.0,0.47530684,113.0,180.0,0.4643917,126.0,166.0,0.6040695,100.0,169.0,0.5781455,130.0,143.0,0.6515169,83.0,149.0,0.61345506,153.0,178.0,0.89990336,88.0,192.0,0.82636267,167.0,209.0,0.61070573,99.0,210.0,0.19982225,87.0,72.0,0.88489753,62.0,74.0,0.78128815,87.0,123.0,0.5231757,56.0,132.0,0.8353485,63.0,166.0,0.45632935,51.0,171.0,0.6959151
guy3_dog095.jpg,183.0,170.0,0.4336827,186.0,175.0,0.49696338,176.0,174.0,0.53423893,195.0,166.0,0.6714895,170.0,166.0,0.64996994,211.0,154.0,0.5363476,165.0,143.0,0.69017625,209.0,192.0,0.88857704,144.0,178.0,0.89240944,188.0,224.0,0.8556738,129.0,210.0,0.67618513,237.0,69.0,0.7429826,209.0,69.0,0.74113804,244.0,127.0,0.7840508,223.0,125.0,0.43446502,249.0,169.0,0.6445092,238.0,166.0,0.534018
guy3_dog095_flipped.jpg,116.0,179.0,0.39909354,122.0,180.0,0.5103531,113.0,181.0,0.6107001,127.0,167.0,0.5522929,102.0,170.0,0.687149,132.0,144.0,0.83124924,84.0,149.0,0.59501106,155.0,177.0,0.80979323,89.0,190.0,0.80355537,170.0,208.0,0.82082343,100.0,211.0,0.2248694,86.0,73.0,0.891135,62.0,74.0,0.77636844,85.0,124.0,0.5405305,55.0,131.0,0.8360429,62.0,169.0,0.55667585,49.0,173.0,0.67315847
guy3_dog096.jpg,182.0,170.0,0.38867858,184.0,175.0,0.51687586,175.0,175.0,0.46938255,192.0,166.0,0.67143774,169.0,165.0,0.6242961,209.0,150.0,0.70211357,164.0,142.0,0.7591512,208.0,190.0,0.7865784,143.0,177.0,0.90247256,186.0,222.0,0.84179455,127.0,211.0,0.5903827,237.0,70.0,0.8632324,209.0,69.0,0.79068696,244.0,130.0,0.6334548,225.0,126.0,0.4577494,250.0,170.0,0.5503982,237.0,167.0,0.50231576
guy3_dog096_flipped.jpg,118.0,178.0,0.3876135,124.0,180.0,0.57267153,116.0,181.0,0.38554338,128.0,168.0,0.5328951,104.0,171.0,0.47893432,134.0,144.0,0.5684797,85.0,148.0,0.66541785,158.0,180.0,0.81594646,91.0,190.0,0.7071495,173.0,208.0,0.73981714,103.0,208.0,0.14579965,89.0,71.0,0.9141543,62.0,74.0,0.8811695,84.0,125.0,0.59588623,54.0,131.0,0.74438584,61.0,167.0,0.5789252,48.0,172.0,0.7538265
guy3_dog097.jpg,181.0,170.0,0.33381495,183.0,175.0,0.5402436,172.0,174.0,0.57508445,191.0,167.0,0.6911002,168.0,166.0,0.49871716,207.0,150.0,0.71549606,163.0,141.0,0.6045564,205.0,191.0,0.8197807,141.0,177.0,0.85313886,184.0,222.0,0.9129583,125.0,210.0,0.8123695,236.0,71.0,0.7595616,211.0,70.0,0.83106756,244.0,131.0,0.73862565,227.0,130.0,0.53016174,249.0,170.0,0.5481392,238.0,167.0,0.60341823
guy3_dog097_flipped.jpg,117.0,179.0,0.36914667,124.0,180.0,0.52794003,115.0,182.0,0.5898572,128.0,167.0,0.5428145,104.0,171.0,0.61564946,134.0,143.0,0.6796802,84.0,147.0,0.4513153,159.0,179.0,0.65201175,92.0,191.0,0.8197322,175.0,209.0,0.692743,105.0,211.0,0.21502046,87.0,69.0,0.931111,61.0,73.0,0.85134387,81.0,126.0,0.60394394,54.0,132.0,0.7624328,61.0,167.0,0.5357826,47.0,172.0,0.6556954
guy3_dog098.jpg,178.0,171.0,0.37290075,181.0,177.0,0.43466017,171.0,176.0,0.4275087,189.0,168.0,0.70137143,165.0,166.0,0.6652206,205.0,152.0,0.7877334,162.0,141.0,0.6729195,204.0,192.0,0.8381731,139.0,178.0,0.6808635,180.0,223.0,0.7456988,122.0,209.0,0.7810987,236.0,71.0,0.73271036,209.0,70.0,0.7543573,244.0,132.0,0.8369713,224.0,129.0,0.57601106,249.0,172.0,0.5557152,238.0,168.0,0.6347035
guy3_dog098_flipped.jpg,119.0,176.0,0.37738454,125.0,179.0,0.563377,117.0,180.0,0.54545325,130.0,167.0,0.6281642,107.0,169.0,0.55877775,136.0,142.0,0.7977822,88.0,147.0,0.62158906,160.0,178.0,0.85768104,94.0,191.0,0.83207583,175.0,209.0,0.7260792,107.0,213.0,0.35662457,87.0,68.0,0.93884957,61.0,74.0,0.8966895,80.0,129.0,0.5450965,54.0,133.0,0.88874567,60.0,167.0,0.57698226,48.0,174.0,0.719676
guy3_dog099.jpg,179.0,173.0,0.28830665,181.0,176.0,0.47323707,170.0,176.0,0.4844971,188.0,167.0,0.68965536,162.0,165.0,0.67074037,204.0,148.0,0.6810678,159.0,141.0,0.7864012,202.0,191.0,0.7814983,138.0,176.0,0.7459808,184.0,211.0,0.47826216,120.0,209.0,0.60326076,233.0,71.0,0.88943064,210.0,68.0,0.916017,243.0,130.0,0.83646345,222.0,129.0,0.571177,249.0,173.0,0.51975834,236.0,172.0,0.42945138
guy3_dog099_flipped.jpg,121.0,175.0,0.41780823,127.0,178.0,0.39162934,120.0,178.0,0.44377258,132.0,166.0,0.6182694,111.0,167.0,0.71905124,139.0,141.0,0.6312791,92.0,148.0,0.61256945,163.0,179.0,0.7338582,96.0,191.0,0.85767055,179.0,209.0,0.8227685,110.0,214.0,0.17670551,88.0,67.0,0.85641783,62.0,72.0,0.83053005,82.0,129.0,0.7230723,54.0,133.0,0.86508024,61.0,168.0,0.6136596,47.0,174.0,0.6290643
guy3_dog100.jpg,176.0,170.0,0.38339937,178.0,174.0,0.40921813,168.0,174.0,0.3913912,185.0,165.0,0.60682404,160.0,164.0,0.6670155,202.0,148.0,0.61574876,157.0,141.0,0.74415666,199.0,190.0,0.822474,135.0,177.0,0.84438866,184.0,209.0,0.5571747,118.0,209.0,0.7888058,234.0,71.0,0.8725297,209.0,68.0,0.83991694,242.0,131.0,0.82699007,221.0,129.0,0.65853214,249.0,173.0,0.6028313,240.0,172.0,0.5713527
guy3_dog100_flipped.jpg,121.0,170.0,0.442748,127.0,173.0,0.41435567,120.0,173.0,0.5972303,133.0,163.0,0.5650243,113.0,163.0,0.70471925,142.0,138.0,0.75822496,94.0,145.0,0.5944241,164.0,178.0,0.81425005,99.0,189.0,0.75560457,182.0,209.0,0.78897464,113.0,209.0,0.13709429,91.0,68.0,0.8067322,63.0,72.0,0.7517172,78.0,132.0,0.6215699,55.0,133.0,0.8486222,60.0,168.0,0.59537554,46.0,173.0,0.6629026
guy3_dog101.jpg,168.0,170.0,0.33398786,170.0,173.0,0.4737598,162.0,173.0,0.38764542,179.0,161.0,0.6546798,155.0,160.0,0.46680695,200.0,144.0,0.6723701,153.0,137.0,0.78771704,198.0,189.0,0.8795981,131.0,178.0,0.7646142,185.0,205.0,0.24750136,119.0,204.0,0.4811758,234.0,70.0,0.87416023,210.0,67.0,0.8349453,242.0,132.0,0.7987319,220.0,130.0,0.6598437,250.0,174.0,0.4382526,240.0,173.0,0.5707083
guy3_dog102.jpg,166.0,166.0,0.31696495,167.0,169.0,0.4784139,159.0,170.0,0.35476255,177.0,158.0,0.54308045,152.0,158.0,0.39355257,195.0,142.0,0.7520142,150.0,135.0,0.721477,195.0,188.0,0.8621907,129.0,174.0,0.45675644,180.0,207.0,0.14001778,115.0,203.0,0.5489919,232.0,70.0,0.86916536,208.0,67.0,0.8008463,240.0,131.0,0.63241637,215.0,128.0,0.58307266,250.0,171.0,0.61977756,239.0,171.0,0.42592105
guy3_dog103.jpg,164.0,168.0,0.18163688,163.0,170.0,0.3273624,157.0,171.0,0.16737272,170.0,158.0,0.5460941,149.0,158.0,0.30621877,194.0,138.0,0.82610345,148.0,133.0,0.61705506,192.0,186.0,0.7453232,128.0,178.0,0.5870325,187.0,196.0,0.1583413,118.0,197.0,0.17257588,231.0,69.0,0.8424884,206.0,67.0,0.6764015,238.0,131.0,0.9037235,218.0,130.0,0.6918092,253.0,172.0,0.6773375,240.0,172.0,0.48619387
guy3_dog104.jpg,160.0,166.0,0.27164784,159.0,168.0,0.44394633,154.0,168.0,0.32242835,165.0,153.0,0.62837404,146.0,153.0,0.5016055,189.0,139.0,0.716394,147.0,129.0,0.6918825,188.0,186.0,0.83855855,127.0,174.0,0.5216563,184.0,191.0,0.13874686,116.0,193.0,0.16673349,228.0,70.0,0.82434505,203.0,67.0,0.67930734,237.0,132.0,0.78753984,215.0,129.0,0.73031276,252.0,172.0,0.5905824,240.0,169.0,0.6039375
guy3_dog105.jpg,154.0,168.0,0.38169426,153.0,166.0,0.4141272,149.0,167.0,0.4735381,158.0,149.0,0.54445565,143.0,151.0,0.473105,185.0,136.0,0.60783505,143.0,128.0,0.7509903,186.0,184.0,0.76372886,126.0,173.0,0.46789575,179.0,192.0,0.15202023,112.0,195.0,0.2753816,226.0,70.0,0.868032,200.0,66.0,0.7384256,236.0,133.0,0.85336894,214.0,131.0,0.5969955,251.0,172.0,0.77440256,241.0,168.0,0.6636033
guy3_dog106_flipped.jpg,147.0,161.0,0.5315312,153.0,161.0,0.65879893,149.0,161.0,0.500084,161.0,146.0,0.5821203,146.0,144.0,0.69189227,162.0,125.0,0.73918295,120.0,129.0,0.5643682,177.0,169.0,0.78215814,119.0,182.0,0.90472704,196.0,208.0,0.77721345,135.0,212.0,0.16509129,101.0,72.0,0.72745776,75.0,75.0,0.86375546,84.0,135.0,0.6286336,65.0,137.0,0.8875865,61.0,168.0,0.55055916,49.0,174.0,0.8276631
guy3_dog107.jpg,139.0,164.0,0.43930978,139.0,162.0,0.5205047,134.0,162.0,0.4501042,147.0,145.0,0.6662728,131.0,146.0,0.5697697,176.0,132.0,0.75830233,131.0,124.0,0.6791383,177.0,182.0,0.75761354,118.0,169.0,0.598284,160.0,210.0,0.12128934,103.0,204.0,0.7139669,222.0,67.0,0.7846549,195.0,64.0,0.7735325,231.0,134.0,0.87230986,211.0,132.0,0.77164656,251.0,171.0,0.81149596,239.0,169.0,0.68671596
guy3_dog107_flipped.jpg,157.0,161.0,0.5806869,162.0,160.0,0.6363425,158.0,160.0,0.74870807,168.0,143.0,0.6365129,153.0,143.0,0.72433186,168.0,122.0,0.7802892,125.0,127.0,0.6585475,182.0,170.0,0.8498103,124.0,182.0,0.9072574,199.0,209.0,0.8142168,143.0,219.0,0.43279117,106.0,78.0,0.5200522,78.0,79.0,0.88454276,87.0,137.0,0.65047085,66.0,136.0,0.63771564,58.0,171.0,0.6897509,49.0,177.0,0.72388566
guy3_dog108_flipped.jpg,164.0,161.0,0.69217956,170.0,160.0,0.71008205,166.0,159.0,0.6430943,174.0,141.0,0.626555,160.0,142.0,0.7310524,173.0,121.0,0.67118865,130.0,124.0,0.66153675,185.0,170.0,0.86861235,128.0,180.0,0.897134,201.0,210.0,0.8774935,143.0,215.0,0.20620589,112.0,76.0,0.81568784,83.0,78.0,0.6433377,88.0,136.0,0.79875404,66.0,136.0,0.84866786,58.0,170.0,0.61126244,49.0,174.0,0.763357
guy3_dog109.jpg,125.0,161.0,0.6418438,123.0,158.0,0.5644299,120.0,158.0,0.5698374,130.0,140.0,0.71426654,117.0,142.0,0.4131983,163.0,124.0,0.735147,118.0,121.0,0.4674209,167.0,178.0,0.86480695,110.0,165.0,0.70767653,146.0,221.0,0.8199213,96.0,208.0,0.906823,208.0,73.0,0.68311715,183.0,69.0,0.82902944,227.0,135.0,0.6015279,207.0,137.0,0.6826873,248.0,171.0,0.7461709,237.0,172.0,0.6202035
guy3_dog109_flipped.jpg,170.0,160.0,0.6858817,177.0,158.0,0.7511409,173.0,157.0,0.78686595,180.0,141.0,0.5915903,169.0,140.0,0.8045219,179.0,119.0,0.73536515,137.0,124.0,0.7093279,187.0,167.0,0.7890042,132.0,179.0,0.8155469,202.0,208.0,0.86962116,151.0,218.0,0.53857577,115.0,77.0,0.8068952,88.0,77.0,0.841543,93.0,137.0,0.7698848,69.0,137.0,0.82640404,60.0,168.0,0.62955797,50.0,172.0,0.8328292
guy3_dog110.jpg,120.0,159.0,0.5371262,118.0,157.0,0.7351018,114.0,157.0,0.49543905,124.0,139.0,0.6454198,112.0,140.0,0.5431534,156.0,122.0,0.6088325,114.0,118.0,0.5314104,163.0,176.0,0.81877023,108.0,166.0,0.53395104,143.0,221.0,0.7175584,94.0,207.0,0.8437968,204.0,74.0,0.7359586,178.0,73.0,0.7469305,225.0,136.0,0.7336786,204.0,138.0,0.6417887,248.0,171.0,0.76796997,236.0,171.0,0.52415705
guy3_dog110_flipped.jpg,176.0,157.0,0.71783525,182.0,156.0,0.6417656,179.0,155.0,0.6903033,184.0,138.0,0.60690534,173.0,138.0,0.5962622,182.0,116.0,0.770469,141.0,122.0,0.60530925,191.0,165.0,0.8509677,137.0,176.0,0.9035969,205.0,208.0,0.8009331,156.0,221.0,0.8219128,116.0,78.0,0.6509728,90.0,79.0,0.7893958,94.0,138.0,0.7650097,73.0,135.0,0.7313123,59.0,171.0,0.7166624,51.0,173.0,0.7418062
guy3_dog111.jpg,112.0,157.0,0.42769304,111.0,155.0,0.507079,108.0,155.0,0.6794749,118.0,137.0,0.73648643,107.0,139.0,0.44488147,151.0,123.0,0.68651754,109.0,118.0,0.5707022,157.0,176.0,0.78829,104.0,167.0,0.6959843,139.0,221.0,0.6276375,94.0,207.0,0.6309109,201.0,76.0,0.6742173,175.0,73.0,0.7635216,220.0,139.0,0.74061763,202.0,140.0,0.5641947,246.0,173.0,0.7433133,236.0,173.0,0.60751593
guy3_dog111_flipped.jpg,182.0,156.0,0.71991765,189.0,154.0,0.68606246,185.0,153.0,0.605534,190.0,138.0,0.6691043,180.0,137.0,0.8219503,186.0,117.0,0.7769501,147.0,122.0,0.66514647,193.0,165.0,0.8112787,140.0,176.0,0.77557033,207.0,207.0,0.83705705,157.0,219.0,0.75926405,121.0,76.0,0.73564005,94.0,78.0,0.74559754,97.0,140.0,0.71220195,78.0,139.0,0.8294861,61.0,169.0,0.72644883,52.0,174.0,0.7332438
guy3_dog112.jpg,108.0,155.0,0.483238,105.0,153.0,0.65140945,103.0,154.0,0.59944224,113.0,135.0,0.6780186,103.0,136.0,0.57956964,147.0,123.0,0.7423612,106.0,117.0,0.70566064,154.0,175.0,0.8449416,102.0,169.0,0.75857735,137.0,221.0,0.79217625,90.0,207.0,0.89740884,200.0,76.0,0.7446702,174.0,72.0,0.7797508,219.0,140.0,0.74760723,200.0,141.0,0.74603766,245.0,176.0,0.64557105,236.0,172.0,0.6860483
guy3_dog112_flipped.jpg,188.0,154.0,0.5864325,194.0,151.0,0.7325407,190.0,150.0,0.7536687,195.0,135.0,0.61672467,184.0,135.0,0.79523164,189.0,116.0,0.74294233,151.0,120.0,0.6025437,196.0,169.0,0.7261778,145.0,175.0,0.6585685,208.0,206.0,0.77139235,161.0,220.0,0.7766132,123.0,77.0,0.63146496,96.0,80.0,0.7758278,99.0,142.0,0.5406053,80.0,142.0,0.8266364,62.0,170.0,0.5939721,55.0,173.0,0.7334661
guy3_dog113.jpg,102.0,154.0,0.37642708,98.0,151.0,0.58169925,96.0,153.0,0.56951106,107.0,133.0,0.56739855,97.0,136.0,0.35885176,143.0,122.0,0.52071106,103.0,116.0,0.44061297,149.0,174.0,0.6521586,99.0,170.0,0.4707111,136.0,221.0,0.4942884,90.0,207.0,0.74068475,198.0,80.0,0.686975,172.0,75.0,0.6810014,213.0,144.0,0.57605094,194.0,144.0,0.49318904,243.0,175.0,0.643672,241.0,172.0,0.40865517
guy3_dog113_flipped.jpg,194.0,154.0,0.6164472,200.0,152.0,0.6131232,197.0,150.0,0.6457925,201.0,133.0,0.49220762,190.0,133.0,0.8040637,193.0,117.0,0.8143858,155.0,122.0,0.5405921,198.0,167.0,0.83095825,149.0,175.0,0.59830195,210.0,206.0,0.806744,164.0,219.0,0.81632257,125.0,80.0,0.5446724,99.0,82.0,0.7691351,101.0,146.0,0.60376215,83.0,146.0,0.7984222,62.0,169.0,0.5729336,55.0,173.0,0.7451856
guy3_dog114.jpg,97.0,153.0,0.508564,94.0,150.0,0.54955506,92.0,151.0,0.7169845,102.0,131.0,0.66206497,93.0,133.0,0.43045336,139.0,122.0,0.6820818,99.0,115.0,0.7523747,146.0,174.0,0.8630243,97.0,170.0,0.75322354,132.0,220.0,0.7914431,89.0,206.0,0.7475687,197.0,84.0,0.8793554,171.0,81.0,0.6194796,213.0,148.0,0.57870317,192.0,149.0,0.73010194,244.0,174.0,0.6412132,235.0,171.0,0.3358151
guy3_dog114_flipped.jpg,199.0,152.0,0.7398962,204.0,150.0,0.6987864,201.0,148.0,0.54774773,204.0,132.0,0.7351614,195.0,131.0,0.7792345,196.0,118.0,0.8398755,158.0,120.0,0.59086466,200.0,167.0,0.76434875,153.0,175.0,0.6742437,211.0,206.0,0.86746407,166.0,219.0,0.8951573,125.0,84.0,0.52274007,102.0,85.0,0.60708284,105.0,150.0,0.5937468,86.0,150.0,0.7622142,68.0,166.0,0.38765284,57.0,172.0,0.8519943
