guy3_warrior045_flipped.jpg,127.0,158.0,0.1877329,130.0,155.0,0.324301,123.0,153.0,0.29691753,140.0,146.0,0.28918108,118.0,146.0,0.38573793,158.0,137.0,0.3198521,116.0,138.0,0.30570415,190.0,108.0,0.8287042,97.0,101.0,0.7268243,170.0,81.0,0.42111668,122.0,104.0,0.32106864,162.0,129.0,0.13141416,131.0,125.0,0.15392166,191.0,111.0,0.1683046,141.0,177.0,0.22779489,169.0,83.0,0.1623284,153.0,237.0,0.35173512
guy3_warrior048_flipped.jpg,130.0,160.0,0.260467,134.0,156.0,0.30997744,127.0,156.0,0.32512382,144.0,149.0,0.36940128,122.0,150.0,0.30398658,158.0,138.0,0.4760714,119.0,142.0,0.28317416,189.0,108.0,0.7954296,100.0,104.0,0.66916394,168.0,81.0,0.33764502,106.0,104.0,0.1830324,161.0,134.0,0.114380956,131.0,129.0,0.19333196,190.0,112.0,0.3166415,143.0,178.0,0.26148897,168.0,84.0,0.32607347,152.0,236.0,0.25626832
guy3_warrior049.jpg,169.0,168.0,0.44208997,172.0,164.0,0.508641,166.0,164.0,0.47721127,179.0,150.0,0.3718662,158.0,155.0,0.3532911,182.0,136.0,0.6027295,137.0,141.0,0.42939088,200.0,105.0,0.4160965,110.0,111.0,0.6945312,167.0,112.0,0.26041603,130.0,85.0,0.5288108,164.0,131.0,0.17175697,138.0,131.0,0.21353103,155.0,191.0,0.31484097,152.0,190.0,0.13322128,153.0,202.0,0.14288394,129.0,86.0,0.15230553
guy3_warrior050_flipped.jpg,131.0,163.0,0.65971005,134.0,161.0,0.56036544,127.0,159.0,0.65724957,143.0,154.0,0.64041126,123.0,147.0,0.6047287,161.0,143.0,0.5634432,115.0,134.0,0.8108306,190.0,110.0,0.91286844,100.0,105.0,0.8965028,169.0,87.0,0.4848485,128.0,111.0,0.61770195,158.0,137.0,0.37643504,132.0,133.0,0.50169003,147.0,168.0,0.16182728,136.0,166.0,0.17540239,147.0,188.0,0.107100934,129.0,112.0,0.30216688
guy3_warrior052_flipped.jpg,133.0,165.0,0.47776493,137.0,163.0,0.4284206,129.0,161.0,0.62049437,146.0,154.0,0.4430397,124.0,150.0,0.33545688,162.0,143.0,0.5769053,117.0,136.0,0.8177661,189.0,112.0,0.817217,98.0,107.0,0.78742516,169.0,92.0,0.27836162,127.0,112.0,0.45238072,152.0,134.0,0.31867123,129.0,127.0,0.369054,148.0,170.0,0.2902518,131.0,118.0,0.19711387,165.0,88.0,0.32387328,126.0,112.0,0.34777746
guy3_warrior055_flipped.jpg,135.0,168.0,0.5009875,139.0,166.0,0.53333235,132.0,164.0,0.59051794,149.0,156.0,0.67220175,125.0,151.0,0.5932174,162.0,143.0,0.61252445,117.0,139.0,0.89438325,187.0,112.0,0.91494673,97.0,110.0,0.71694106,162.0,93.0,0.43424615,127.0,116.0,0.44644904,154.0,128.0,0.6409861,132.0,126.0,0.67661893,169.0,121.0,0.17132373,117.0,118.0,0.15478736,162.0,92.0,0.5196157,128.0,116.0,0.5207263
guy3_warrior057.jpg,162.0,169.0,0.2738981,166.0,166.0,0.39127946,157.0,167.0,0.568503,173.0,153.0,0.5651416,149.0,156.0,0.50462204,181.0,138.0,0.7942627,135.0,142.0,0.70880246,206.0,110.0,0.24682997,115.0,112.0,0.7214059,195.0,125.0,0.17668484,139.0,95.0,0.68809104,170.0,124.0,0.43894288,146.0,123.0,0.45620945,172.0,117.0,0.1855265,137.0,116.0,0.10039146,175.0,117.0,0.14741635,139.0,96.0,0.37651077
guy3_warrior058.jpg,164.0,170.0,0.34702972,167.0,168.0,0.55710965,159.0,168.0,0.6476298,175.0,153.0,0.5774523,150.0,156.0,0.4523529,181.0,140.0,0.80797315,135.0,141.0,0.75593275,206.0,111.0,0.2234209,116.0,113.0,0.83681643,205.0,111.0,0.19312699,142.0,95.0,0.5770948,164.0,124.0,0.7292268,141.0,126.0,0.41652256,169.0,117.0,0.1651327,136.0,120.0,0.24844661,143.0,95.0,0.30432186,140.0,96.0,0.5275594
guy3_warrior061.jpg,159.0,167.0,0.301358,164.0,167.0,0.4026273,155.0,166.0,0.3723352,172.0,160.0,0.25044835,149.0,157.0,0.43893465,184.0,141.0,0.62439483,137.0,140.0,0.7348294,200.0,123.0,0.47208267,120.0,113.0,0.6764455,206.0,112.0,0.29030553,145.0,96.0,0.3387736,171.0,126.0,0.51570594,148.0,125.0,0.40760517,177.0,121.0,0.14382212,145.0,117.0,0.23525459,178.0,120.0,0.23344937,149.0,97.0,0.26149702
guy3_warrior061_flipped.jpg,140.0,174.0,0.3825052,144.0,171.0,0.4260493,134.0,168.0,0.4769492,151.0,160.0,0.4157317,127.0,156.0,0.4887582,160.0,141.0,0.6215753,117.0,143.0,0.5803107,180.0,113.0,0.69593656,93.0,115.0,0.86902547,153.0,96.0,0.32566053,122.0,121.0,0.32155937,149.0,144.0,0.12879485,123.0,144.0,0.23724031,148.0,121.0,0.11346881,132.0,179.0,0.34494406,152.0,96.0,0.19494723,122.0,120.0,0.32700154
guy3_warrior062_flipped.jpg,146.0,176.0,0.30717504,149.0,170.0,0.27171555,143.0,174.0,0.4584068,153.0,155.0,0.34642178,134.0,162.0,0.42661357,162.0,141.0,0.2930919,125.0,163.0,0.36928073,179.0,110.0,0.21624379,132.0,205.0,0.4445435,152.0,95.0,0.15484121,137.0,239.0,0.40528858,154.0,128.0,0.10295562,125.0,132.0,0.16704307,179.0,113.0,0.2882466,129.0,185.0,0.10744196,149.0,97.0,0.5149198,145.0,98.0,0.31010452
guy3_warrior063_flipped.jpg,146.0,177.0,0.33888286,149.0,170.0,0.41757447,143.0,175.0,0.5033262,153.0,154.0,0.4805009,130.0,162.0,0.52240646,162.0,143.0,0.6685449,122.0,161.0,0.38855302,178.0,111.0,0.45896587,131.0,206.0,0.5111161,147.0,95.0,0.25742096,137.0,242.0,0.5026177,147.0,123.0,0.2839557,120.0,133.0,0.3381999,178.0,114.0,0.38862664,128.0,190.0,0.14511003,145.0,96.0,0.5439502,143.0,98.0,0.31762615
guy3_warrior064.jpg,158.0,172.0,0.19760425,161.0,170.0,0.24341977,155.0,169.0,0.23617372,171.0,162.0,0.35336393,149.0,159.0,0.25261393,182.0,145.0,0.30210745,139.0,139.0,0.50826627,210.0,112.0,0.6628264,120.0,114.0,0.17650604,189.0,128.0,0.16633542,150.0,96.0,0.2966813,182.0,140.0,0.22024561,151.0,140.0,0.3281603,211.0,115.0,0.28158087,133.0,131.0,0.11560185,188.0,130.0,0.104497716,152.0,98.0,0.38225278
guy3_warrior067.jpg,160.0,175.0,0.61482084,163.0,172.0,0.608598,156.0,171.0,0.5446384,172.0,160.0,0.546031,148.0,159.0,0.4884019,183.0,148.0,0.5195359,138.0,140.0,0.7786982,202.0,128.0,0.43872258,125.0,112.0,0.9177689,212.0,116.0,0.16729252,153.0,94.0,0.38572672,176.0,135.0,0.13461706,152.0,131.0,0.28940243,166.0,118.0,0.43417534,159.0,117.0,0.40674874,166.0,104.0,0.2064258,164.0,102.0,0.2714912
guy3_warrior067_flipped.jpg,144.0,175.0,0.44812962,148.0,171.0,0.41810873,141.0,174.0,0.5265006,154.0,159.0,0.517202,130.0,165.0,0.41750345,160.0,140.0,0.76401836,115.0,149.0,0.53346205,175.0,113.0,0.67219687,84.0,115.0,0.70451593,148.0,94.0,0.5003004,106.0,120.0,0.31088144,138.0,130.0,0.5390241,115.0,135.0,0.265671,141.0,170.0,0.14743918,125.0,202.0,0.39753532,147.0,94.0,0.26262483,112.0,121.0,0.289473
guy3_warrior069.jpg,155.0,168.0,0.14817962,158.0,170.0,0.22790216,152.0,166.0,0.22014543,170.0,160.0,0.19227964,149.0,159.0,0.28068197,181.0,147.0,0.30243227,140.0,137.0,0.5948903,216.0,112.0,0.602338,122.0,110.0,0.34429938,203.0,125.0,0.10161212,156.0,98.0,0.4863507,184.0,147.0,0.31214762,158.0,142.0,0.38074428,178.0,199.0,0.15390548,173.0,196.0,0.21147934,171.0,246.0,0.46662405,160.0,99.0,0.4204416
guy3_warrior071_flipped.jpg,146.0,176.0,0.5466274,150.0,171.0,0.6592275,141.0,173.0,0.53199685,155.0,158.0,0.5231447,131.0,162.0,0.5876311,160.0,138.0,0.82145387,115.0,152.0,0.38030908,177.0,107.0,0.7365473,93.0,122.0,0.39702266,143.0,106.0,0.373787,80.0,110.0,0.54087204,135.0,133.0,0.4621934,114.0,136.0,0.32321084,166.0,132.0,0.14028092,120.0,189.0,0.4909996,140.0,106.0,0.3837672,122.0,115.0,0.13367103
guy3_warrior072_flipped.jpg,143.0,180.0,0.35913226,149.0,176.0,0.39246172,140.0,177.0,0.49694386,155.0,161.0,0.57622397,132.0,165.0,0.46967188,161.0,144.0,0.58938015,112.0,153.0,0.37313804,175.0,103.0,0.645367,80.0,110.0,0.6042708,136.0,109.0,0.36822808,98.0,126.0,0.1743882,134.0,118.0,0.4344444,105.0,124.0,0.3601053,122.0,198.0,0.1090332,116.0,197.0,0.38290396,133.0,112.0,0.11650029,101.0,131.0,0.22146733
guy3_warrior078.jpg,153.0,168.0,0.40523726,154.0,166.0,0.4303097,149.0,165.0,0.32571596,162.0,158.0,0.3995805,150.0,155.0,0.38026404,183.0,151.0,0.3309543,146.0,142.0,0.2800671,221.0,109.0,0.54841214,134.0,106.0,0.39861104,200.0,115.0,0.17097922,140.0,124.0,0.14389667,199.0,138.0,0.25191504,179.0,131.0,0.2203265,188.0,203.0,0.3954946,185.0,199.0,0.39973328,181.0,254.0,0.34139892,182.0,253.0,0.21011934
guy3_warrior079_flipped.jpg,147.0,168.0,0.62856245,151.0,165.0,0.60669637,144.0,165.0,0.5678863,156.0,151.0,0.53132045,134.0,154.0,0.3810543,161.0,141.0,0.5878607,109.0,145.0,0.5517734,170.0,102.0,0.70565146,74.0,113.0,0.828142,163.0,123.0,0.35116264,95.0,112.0,0.26205197,121.0,136.0,0.4617664,99.0,140.0,0.6622238,114.0,196.0,0.19102944,110.0,202.0,0.8408804,118.0,231.0,0.116981246,114.0,231.0,0.3167026
guy3_warrior081_flipped.jpg,150.0,167.0,0.5409535,154.0,163.0,0.58312255,147.0,163.0,0.55327755,159.0,150.0,0.49043328,138.0,151.0,0.50366664,162.0,139.0,0.476875,115.0,144.0,0.4618837,170.0,108.0,0.70460147,73.0,117.0,0.7673451,166.0,121.0,0.31168547,93.0,127.0,0.21416247,124.0,131.0,0.29885197,101.0,136.0,0.24731275,112.0,201.0,0.17363407,108.0,202.0,0.5978632,92.0,106.0,0.21424311,91.0,107.0,0.115267165
guy3_warrior090.jpg,140.0,149.0,0.5560974,142.0,144.0,0.7097381,134.0,145.0,0.5717058,154.0,131.0,0.62835133,134.0,136.0,0.21022919,179.0,132.0,0.22451483,141.0,132.0,0.3668289,231.0,141.0,0.6171259,111.0,130.0,0.60589343,197.0,161.0,0.46906713,132.0,156.0,0.38460433,208.0,149.0,0.34971926,185.0,154.0,0.34801915,197.0,200.0,0.43303856,193.0,202.0,0.4795079,192.0,253.0,0.48318136,193.0,252.0,0.23558041
guy3_warrior090_flipped.jpg,161.0,152.0,0.5059663,166.0,146.0,0.4052775,159.0,145.0,0.57880014,164.0,136.0,0.3279754,146.0,132.0,0.5518371,156.0,136.0,0.5029871,118.0,135.0,0.3570088,189.0,131.0,0.51906914,68.0,141.0,0.8323515,166.0,153.0,0.2654167,102.0,163.0,0.46585852,105.0,146.0,0.34789285,85.0,145.0,0.40658605,106.0,198.0,0.23076071,102.0,200.0,0.78099895,107.0,255.0,0.18534783,107.0,257.0,0.7080489
guy3_warrior091.jpg,138.0,147.0,0.599434,141.0,142.0,0.3500266,133.0,142.0,0.4198742,152.0,128.0,0.61294127,132.0,132.0,0.3201226,178.0,129.0,0.32977632,136.0,126.0,0.32490277,229.0,142.0,0.59041077,108.0,129.0,0.57471645,194.0,165.0,0.64883924,128.0,155.0,0.5003046,213.0,142.0,0.37403637,187.0,143.0,0.37459332,198.0,199.0,0.3682265,195.0,200.0,0.44393066,192.0,253.0,0.48604754,193.0,251.0,0.26371437
guy3_warrior091_flipped.jpg,160.0,149.0,0.5663672,166.0,142.0,0.70221066,158.0,141.0,0.7170923,167.0,132.0,0.55275935,146.0,130.0,0.6711224,162.0,124.0,0.39788446,117.0,127.0,0.6231319,194.0,126.0,0.78096896,69.0,141.0,0.93413293,170.0,155.0,0.8752629,104.0,166.0,0.5691092,105.0,137.0,0.4379113,84.0,136.0,0.7452246,103.0,198.0,0.43582302,102.0,199.0,0.61104345,103.0,167.0,0.20925875,107.0,255.0,0.85015523
guy3_warrior092.jpg,135.0,147.0,0.6388293,138.0,141.0,0.5198715,130.0,142.0,0.54714864,152.0,128.0,0.70873857,131.0,131.0,0.33777788,177.0,127.0,0.5286045,136.0,126.0,0.3556645,227.0,144.0,0.6269331,105.0,128.0,0.57717896,190.0,167.0,0.67324054,124.0,158.0,0.49803683,214.0,138.0,0.5058143,190.0,141.0,0.4011757,199.0,200.0,0.5473547,194.0,198.0,0.31541178,192.0,254.0,0.67723024,193.0,253.0,0.27683547
guy3_warrior092_flipped.jpg,163.0,146.0,0.5013003,168.0,140.0,0.6080539,161.0,139.0,0.59677744,167.0,130.0,0.57544553,149.0,128.0,0.6812883,164.0,123.0,0.58649004,121.0,126.0,0.5971893,198.0,125.0,0.72989774,74.0,141.0,0.89674103,177.0,156.0,0.8095758,110.0,168.0,0.67558765,111.0,137.0,0.46074653,90.0,139.0,0.70497924,103.0,197.0,0.364081,102.0,198.0,0.55585265,78.0,111.0,0.6297767,105.0,251.0,0.7608019
guy3_warrior093.jpg,135.0,144.0,0.6750536,138.0,138.0,0.60643137,129.0,140.0,0.5379981,151.0,125.0,0.7708093,129.0,129.0,0.4328889,176.0,126.0,0.43187413,130.0,123.0,0.45305952,222.0,143.0,0.65121055,100.0,125.0,0.6479089,187.0,168.0,0.5935339,120.0,158.0,0.59539187,206.0,134.0,0.6182567,181.0,134.0,0.3809038,199.0,201.0,0.635664,196.0,199.0,0.4398252,193.0,255.0,0.69468164,232.0,108.0,0.6078538
guy3_warrior094.jpg,132.0,141.0,0.75089264,136.0,135.0,0.74573886,128.0,136.0,0.72705483,149.0,122.0,0.6680162,127.0,125.0,0.41281563,174.0,122.0,0.726336,126.0,118.0,0.5219501,218.0,141.0,0.7587184,98.0,124.0,0.6364813,184.0,168.0,0.6731184,114.0,157.0,0.56942225,208.0,137.0,0.5974457,184.0,137.0,0.43533453,200.0,198.0,0.72414136,214.0,116.0,0.33201042,194.0,255.0,0.7452066,236.0,106.0,0.5877562
guy3_warrior094_flipped.jpg,166.0,142.0,0.66469383,171.0,137.0,0.63815355,163.0,136.0,0.5892832,169.0,127.0,0.52170897,150.0,124.0,0.7126906,168.0,118.0,0.63519263,123.0,122.0,0.72677594,205.0,122.0,0.8978687,82.0,140.0,0.8488841,186.0,157.0,0.80543315,115.0,171.0,0.7139703,118.0,137.0,0.53576016,95.0,137.0,0.6380199,103.0,193.0,0.21122982,100.0,196.0,0.6722137,68.0,108.0,0.3289278,63.0,108.0,0.600744
guy3_warrior095.jpg,132.0,140.0,0.71178997,135.0,133.0,0.752206,127.0,135.0,0.4316,148.0,120.0,0.61120087,124.0,124.0,0.4105554,173.0,124.0,0.26889238,126.0,117.0,0.5139421,212.0,138.0,0.41826296,95.0,122.0,0.38928717,182.0,170.0,0.5596976,106.0,155.0,0.47711226,201.0,139.0,0.38092008,181.0,138.0,0.38385898,199.0,194.0,0.6316532,211.0,130.0,0.11062196,196.0,249.0,0.44804573,239.0,108.0,0.5897927
guy3_warrior095_flipped.jpg,166.0,140.0,0.6485988,171.0,134.0,0.71953607,164.0,134.0,0.7662748,170.0,125.0,0.6340131,151.0,122.0,0.7392179,167.0,119.0,0.6048701,124.0,121.0,0.5716336,205.0,120.0,0.84391844,87.0,138.0,0.83755577,193.0,155.0,0.7331039,120.0,169.0,0.5483517,117.0,132.0,0.54755723,95.0,133.0,0.6991624,88.0,125.0,0.60922074,102.0,195.0,0.68702185,68.0,108.0,0.6646973,59.0,107.0,0.54593813
guy3_warrior096.jpg,130.0,138.0,0.5513712,134.0,132.0,0.4970905,125.0,132.0,0.72103804,147.0,119.0,0.6305597,125.0,122.0,0.43833232,172.0,123.0,0.45698276,131.0,117.0,0.36826354,209.0,136.0,0.56818736,93.0,119.0,0.41257718,175.0,170.0,0.5021838,100.0,153.0,0.44831285,204.0,137.0,0.41531193,184.0,136.0,0.36611205,198.0,195.0,0.6034322,195.0,189.0,0.2017771,195.0,253.0,0.55374837,241.0,108.0,0.46030232
guy3_warrior096_flipped.jpg,169.0,138.0,0.80262035,174.0,133.0,0.61140597,167.0,132.0,0.55373293,170.0,123.0,0.57091206,152.0,120.0,0.68191403,169.0,116.0,0.6627818,125.0,118.0,0.8232344,208.0,118.0,0.8694722,92.0,135.0,0.812239,201.0,153.0,0.7098987,124.0,170.0,0.6151322,119.0,134.0,0.6231214,95.0,134.0,0.7179915,92.0,131.0,0.49244714,100.0,197.0,0.8149358,66.0,109.0,0.7025701,103.0,248.0,0.6978153
guy3_warrior097.jpg,129.0,135.0,0.6527797,132.0,129.0,0.772518,123.0,130.0,0.5946961,146.0,117.0,0.70596635,124.0,119.0,0.38103923,172.0,122.0,0.44356003,130.0,115.0,0.3563746,201.0,133.0,0.67414796,92.0,118.0,0.355726,169.0,169.0,0.76880753,94.0,153.0,0.41089097,205.0,135.0,0.5676266,189.0,132.0,0.41397494,199.0,195.0,0.69323015,215.0,121.0,0.34324738,196.0,252.0,0.6382295,241.0,107.0,0.565912
guy3_warrior097_flipped.jpg,169.0,136.0,0.79639876,174.0,132.0,0.6310822,167.0,130.0,0.5982352,172.0,122.0,0.6384928,153.0,118.0,0.84147656,170.0,116.0,0.6361556,126.0,117.0,0.7412878,209.0,117.0,0.8451024,94.0,132.0,0.69309014,207.0,152.0,0.49912336,130.0,170.0,0.6187468,114.0,134.0,0.58135325,92.0,135.0,0.78347766,91.0,127.0,0.66325927,100.0,197.0,0.633456,60.0,109.0,0.7898785,103.0,250.0,0.8240294
guy3_warrior098.jpg,128.0,134.0,0.6736697,131.0,128.0,0.65924436,122.0,129.0,0.59626484,144.0,115.0,0.7101134,123.0,119.0,0.30971912,168.0,121.0,0.40698108,127.0,115.0,0.35250697,198.0,133.0,0.54100394,89.0,119.0,0.6455283,160.0,169.0,0.57400846,84.0,153.0,0.58202446,204.0,135.0,0.61710966,191.0,133.0,0.51585853,199.0,194.0,0.6449058,217.0,121.0,0.37143922,195.0,252.0,0.5243286,244.0,109.0,0.67378247
guy3_warrior098_flipped.jpg,171.0,134.0,0.58662593,176.0,130.0,0.44596565,169.0,128.0,0.53846,174.0,120.0,0.35104066,154.0,117.0,0.7408698,169.0,116.0,0.39439076,128.0,118.0,0.56217223,210.0,117.0,0.6080696,103.0,133.0,0.38719988,214.0,152.0,0.5360064,138.0,169.0,0.45674106,113.0,133.0,0.4165348,94.0,136.0,0.54619926,95.0,127.0,0.44167113,100.0,197.0,0.6217654,58.0,108.0,0.7043342,103.0,255.0,0.6985096
guy3_warrior099.jpg,127.0,133.0,0.6512884,129.0,126.0,0.78966033,121.0,127.0,0.70748055,143.0,113.0,0.6071282,122.0,117.0,0.2751868,172.0,121.0,0.4494434,129.0,113.0,0.44917536,181.0,135.0,0.33137476,87.0,117.0,0.55638736,152.0,165.0,0.6272226,77.0,151.0,0.641852,203.0,134.0,0.56511223,191.0,129.0,0.49329576,200.0,192.0,0.6853516,216.0,120.0,0.4657769,196.0,252.0,0.5414237,246.0,106.0,0.6982192
guy3_warrior100.jpg,125.0,130.0,0.7039747,128.0,124.0,0.6675301,120.0,125.0,0.6135206,141.0,110.0,0.7645468,122.0,112.0,0.26061192,171.0,116.0,0.6026671,128.0,107.0,0.49227548,176.0,131.0,0.41449583,85.0,117.0,0.6017088,143.0,161.0,0.4407168,70.0,144.0,0.52495825,205.0,132.0,0.6373209,193.0,124.0,0.38568458,200.0,192.0,0.479359,219.0,119.0,0.43015224,196.0,254.0,0.7440751,248.0,107.0,0.79668105
guy3_warrior100_flipped.jpg,173.0,131.0,0.64154637,179.0,126.0,0.44334513,171.0,125.0,0.6505114,176.0,117.0,0.4276712,156.0,114.0,0.717636,173.0,111.0,0.4069564,128.0,116.0,0.5075351,214.0,118.0,0.6387801,122.0,127.0,0.4596779,230.0,144.0,0.71681,156.0,161.0,0.3893949,110.0,128.0,0.49988738,92.0,131.0,0.54633427,87.0,122.0,0.23307407,98.0,195.0,0.59610534,55.0,107.0,0.38112143,102.0,253.0,0.622259
guy3_warrior101.jpg,124.0,128.0,0.74889404,126.0,122.0,0.6421177,119.0,124.0,0.63702846,139.0,109.0,0.81568515,122.0,112.0,0.23775905,164.0,114.0,0.41799414,130.0,107.0,0.6152382,162.0,132.0,0.3480775,106.0,111.0,0.13837653,135.0,155.0,0.75710785,80.0,119.0,0.46237567,205.0,133.0,0.67032266,195.0,129.0,0.3405753,199.0,193.0,0.5443264,216.0,120.0,0.3241687,197.0,254.0,0.6421119,251.0,105.0,0.72472954
guy3_warrior101_flipped.jpg,174.0,128.0,0.67810476,180.0,124.0,0.4672192,173.0,122.0,0.4614184,176.0,116.0,0.2945428,158.0,112.0,0.5664814,170.0,110.0,0.41631696,132.0,113.0,0.5231283,212.0,116.0,0.571457,125.0,120.0,0.43733543,221.0,122.0,0.34526256,165.0,154.0,0.6107923,108.0,132.0,0.5218556,94.0,131.0,0.5258631,101.0,191.0,0.2856031,99.0,193.0,0.358085,102.0,252.0,0.31935865,103.0,252.0,0.6247261
guy3_warrior102.jpg,124.0,126.0,0.6448007,126.0,120.0,0.5104827,119.0,122.0,0.48940903,139.0,107.0,0.5854262,121.0,112.0,0.23028347,163.0,112.0,0.5496063,129.0,106.0,0.48524964,157.0,126.0,0.30913368,105.0,109.0,0.16258872,127.0,148.0,0.594373,80.0,116.0,0.26781115,204.0,133.0,0.50399685,194.0,129.0,0.45825168,199.0,191.0,0.5041127,216.0,121.0,0.40441155,197.0,254.0,0.7669262,252.0,106.0,0.64867574
guy3_warrior102_flipped.jpg,177.0,128.0,0.46008813,182.0,124.0,0.6012374,176.0,122.0,0.8069836,176.0,115.0,0.3048249,160.0,111.0,0.5865449,166.0,107.0,0.6012416,136.0,113.0,0.5169881,213.0,113.0,0.32835996,134.0,119.0,0.22233471,221.0,117.0,0.4892124,175.0,148.0,0.7053146,109.0,132.0,0.44933012,94.0,130.0,0.6984938,101.0,191.0,0.4299193,100.0,193.0,0.31115577,102.0,251.0,0.2784839,102.0,252.0,0.4505446
guy3_warrior103.jpg,122.0,127.0,0.60846806,124.0,120.0,0.75034356,117.0,121.0,0.70749676,139.0,106.0,0.80891454,122.0,109.0,0.35788718,165.0,110.0,0.7556201,128.0,106.0,0.73523915,152.0,119.0,0.38760912,96.0,110.0,0.2041881,120.0,137.0,0.63965476,80.0,114.0,0.31864083,207.0,131.0,0.6414306,196.0,128.0,0.6357453,200.0,190.0,0.727914,217.0,119.0,0.4175988,197.0,251.0,0.8033941,252.0,105.0,0.7783603
guy3_warrior103_flipped.jpg,177.0,126.0,0.71779543,181.0,122.0,0.6514592,176.0,121.0,0.7196585,175.0,112.0,0.47378793,161.0,109.0,0.74877435,169.0,105.0,0.6641679,134.0,109.0,0.6795665,213.0,111.0,0.46345207,135.0,114.0,0.323736,218.0,113.0,0.4690805,180.0,140.0,0.7342472,109.0,129.0,0.6207422,93.0,128.0,0.606601,101.0,188.0,0.30848736,99.0,191.0,0.50430405,102.0,249.0,0.34320176,103.0,249.0,0.45185155
guy3_warrior104.jpg,125.0,126.0,0.6799871,127.0,119.0,0.56448966,119.0,120.0,0.702909,140.0,105.0,0.72501796,123.0,107.0,0.613454,168.0,105.0,0.85108674,128.0,107.0,0.8133053,153.0,113.0,0.3772702,87.0,110.0,0.3475646,114.0,130.0,0.85602045,76.0,112.0,0.6667882,207.0,128.0,0.78140444,199.0,126.0,0.7632005,201.0,189.0,0.722202,223.0,114.0,0.45904613,198.0,249.0,0.8840824,255.0,106.0,0.8510609
guy3_warrior104_flipped.jpg,174.0,124.0,0.627774,180.0,119.0,0.6680428,174.0,119.0,0.6041887,175.0,107.0,0.63450205,160.0,106.0,0.8145754,170.0,104.0,0.67539823,134.0,108.0,0.5288689,214.0,110.0,0.44172776,142.0,114.0,0.44840693,221.0,112.0,0.40382448,184.0,130.0,0.80824834,107.0,131.0,0.76146185,90.0,128.0,0.8106598,101.0,185.0,0.40879187,97.0,190.0,0.48149413,101.0,251.0,0.24440949,42.0,104.0,0.65534264
guy3_warrior105.jpg,119.0,120.0,0.47666174,121.0,114.0,0.3639495,115.0,115.0,0.53893816,133.0,104.0,0.72518754,120.0,105.0,0.4429673,162.0,108.0,0.60408294,123.0,103.0,0.67525494,145.0,112.0,0.20363449,82.0,106.0,0.81828636,110.0,120.0,0.8754495,41.0,116.0,0.72252166,208.0,130.0,0.5411997,200.0,126.0,0.46145013,199.0,186.0,0.6199731,234.0,110.0,0.2613006,197.0,247.0,0.85883105,254.0,106.0,0.6285261
guy3_warrior105_flipped.jpg,174.0,120.0,0.4106207,181.0,117.0,0.45414808,175.0,116.0,0.39187267,177.0,109.0,0.27439222,163.0,107.0,0.50011116,164.0,105.0,0.54272187,141.0,110.0,0.29398715,195.0,110.0,0.13072099,147.0,111.0,0.15175311,216.0,108.0,0.2969671,188.0,122.0,0.45813054,107.0,128.0,0.6208286,94.0,129.0,0.60853016,101.0,187.0,0.3370438,99.0,191.0,0.3329924,101.0,248.0,0.3147527,102.0,249.0,0.48699564
guy3_warrior106.jpg,118.0,118.0,0.39796242,121.0,113.0,0.37140098,114.0,114.0,0.30342647,134.0,105.0,0.51307595,117.0,107.0,0.22501943,163.0,110.0,0.52051985,119.0,106.0,0.4260233,138.0,110.0,0.3341189,79.0,105.0,0.42979476,104.0,113.0,0.42198116,38.0,111.0,0.60956883,206.0,129.0,0.5259005,196.0,124.0,0.4789804,198.0,187.0,0.53429866,236.0,112.0,0.30659816,198.0,249.0,0.7823905,258.0,107.0,0.5636796
guy3_warrior106_flipped.jpg,177.0,123.0,0.51951253,181.0,119.0,0.42886785,175.0,119.0,0.56052566,179.0,111.0,0.32263124,164.0,108.0,0.6416353,169.0,103.0,0.679167,136.0,114.0,0.39902893,189.0,103.0,0.22314332,157.0,110.0,0.22043726,197.0,111.0,0.6038568,196.0,113.0,0.23715335,105.0,127.0,0.68596554,90.0,129.0,0.7758486,80.0,119.0,0.5923424,97.0,188.0,0.37788317,45.0,105.0,0.31776547,100.0,250.0,0.604349
guy3_warrior107.jpg,117.0,116.0,0.42589208,121.0,112.0,0.41870067,114.0,113.0,0.34896496,133.0,104.0,0.45711628,118.0,105.0,0.22928602,161.0,110.0,0.47664726,121.0,105.0,0.38690084,136.0,108.0,0.37211853,79.0,104.0,0.30245647,102.0,107.0,0.3488913,37.0,105.0,0.60636586,208.0,127.0,0.56729424,197.0,123.0,0.37934119,199.0,187.0,0.5173844,238.0,110.0,0.34300634,198.0,248.0,0.71957964,258.0,106.0,0.5380819
guy3_warrior107_flipped.jpg,179.0,121.0,0.46393317,184.0,116.0,0.34227213,176.0,116.0,0.5099337,183.0,110.0,0.34400785,166.0,107.0,0.58019245,174.0,103.0,0.42921987,138.0,113.0,0.46179911,194.0,100.0,0.23222151,162.0,109.0,0.18230718,219.0,103.0,0.31329724,199.0,108.0,0.18298492,107.0,124.0,0.517499,92.0,126.0,0.7053508,99.0,184.0,0.33378756,97.0,188.0,0.29083282,99.0,247.0,0.25437552,99.0,247.0,0.5927943
guy3_warrior108.jpg,117.0,115.0,0.44423452,121.0,111.0,0.38441193,114.0,112.0,0.30354947,132.0,103.0,0.5682589,117.0,103.0,0.2235922,160.0,110.0,0.432711,119.0,102.0,0.40708846,136.0,107.0,0.35410753,77.0,100.0,0.41927806,100.0,105.0,0.43906024,39.0,102.0,0.5470264,207.0,128.0,0.5761663,197.0,124.0,0.43351483,199.0,186.0,0.5784105,236.0,110.0,0.39834836,199.0,249.0,0.7761336,260.0,108.0,0.5318656
guy3_warrior108_flipped.jpg,179.0,119.0,0.5479335,184.0,115.0,0.5887869,178.0,114.0,0.5997803,181.0,109.0,0.35437337,166.0,105.0,0.4905497,175.0,100.0,0.5599519,139.0,112.0,0.43010253,196.0,101.0,0.34533387,165.0,107.0,0.15616553,226.0,102.0,0.3183759,200.0,106.0,0.2035427,106.0,126.0,0.510138,91.0,129.0,0.66696036,82.0,120.0,0.33133167,97.0,189.0,0.35875347,55.0,104.0,0.26370367,100.0,248.0,0.6022959
guy3_warrior109.jpg,116.0,115.0,0.45589116,120.0,111.0,0.48377985,113.0,111.0,0.3864874,131.0,102.0,0.57074773,116.0,102.0,0.18675958,159.0,109.0,0.47109643,119.0,101.0,0.4367431,134.0,107.0,0.25986856,80.0,101.0,0.28343442,98.0,104.0,0.43689346,41.0,100.0,0.6382056,207.0,127.0,0.6003297,199.0,123.0,0.4520237,200.0,186.0,0.59373283,236.0,109.0,0.2713672,200.0,249.0,0.75092757,262.0,105.0,0.6357568
guy3_warrior109_flipped.jpg,181.0,119.0,0.51759744,185.0,115.0,0.41584828,180.0,115.0,0.58413565,181.0,106.0,0.3945996,169.0,104.0,0.49402955,174.0,101.0,0.5480323,139.0,111.0,0.53442556,198.0,100.0,0.38717353,167.0,107.0,0.25197712,223.0,101.0,0.34915456,203.0,105.0,0.21058154,104.0,122.0,0.6110081,90.0,126.0,0.83127266,77.0,118.0,0.61258495,98.0,188.0,0.3749662,40.0,105.0,0.27871877,101.0,249.0,0.7254354
guy3_warrior110.jpg,116.0,116.0,0.48767927,120.0,112.0,0.59797746,112.0,112.0,0.33267125,131.0,102.0,0.6478983,116.0,102.0,0.25387645,160.0,108.0,0.53463566,119.0,102.0,0.4977387,134.0,106.0,0.15946554,80.0,101.0,0.3187946,98.0,102.0,0.41762108,41.0,100.0,0.6276184,207.0,127.0,0.4860345,198.0,123.0,0.38763478,200.0,186.0,0.689119,236.0,111.0,0.40298313,200.0,247.0,0.8665911,262.0,108.0,0.63189644
guy3_warrior111.jpg,117.0,116.0,0.5083927,119.0,111.0,0.61278754,112.0,112.0,0.39610675,130.0,100.0,0.60496426,117.0,102.0,0.24196467,158.0,106.0,0.60371006,120.0,101.0,0.5136858,131.0,105.0,0.19964072,83.0,101.0,0.28771925,96.0,101.0,0.53686553,40.0,98.0,0.5265812,208.0,127.0,0.4875666,201.0,122.0,0.46072623,200.0,186.0,0.6900567,239.0,110.0,0.36865008,200.0,247.0,0.88510627,266.0,107.0,0.6640238
guy3_warrior111_flipped.jpg,180.0,117.0,0.54943705,185.0,112.0,0.5542004,180.0,112.0,0.5414291,179.0,103.0,0.48038983,171.0,101.0,0.59310913,169.0,98.0,0.488628,143.0,105.0,0.56584895,194.0,98.0,0.2513342,172.0,103.0,0.2860635,205.0,101.0,0.47956717,205.0,102.0,0.33661127,101.0,121.0,0.84353733,88.0,125.0,0.7093084,72.0,116.0,0.5840027,98.0,186.0,0.44932795,37.0,104.0,0.49461636,34.0,103.0,0.46795788
guy3_warrior112.jpg,116.0,115.0,0.46298948,120.0,110.0,0.5556169,111.0,111.0,0.31281433,131.0,100.0,0.54058635,114.0,102.0,0.26467532,159.0,107.0,0.49950308,116.0,102.0,0.4361507,132.0,103.0,0.2275707,84.0,102.0,0.26489815,96.0,99.0,0.44961727,40.0,100.0,0.5781585,208.0,127.0,0.4530413,200.0,122.0,0.40667343,200.0,184.0,0.7208539,240.0,110.0,0.31682742,199.0,245.0,0.8653454,267.0,108.0,0.5825045
guy3_warrior112_flipped.jpg,183.0,116.0,0.58959734,186.0,112.0,0.60316116,182.0,110.0,0.6414311,178.0,102.0,0.57339966,170.0,100.0,0.5088855,168.0,98.0,0.5041649,141.0,106.0,0.6628972,179.0,97.0,0.41476378,169.0,103.0,0.3213584,205.0,100.0,0.54147685,204.0,101.0,0.31030408,100.0,123.0,0.8679246,87.0,125.0,0.84255815,98.0,182.0,0.33533075,56.0,110.0,0.396179,98.0,246.0,0.36489993,30.0,103.0,0.6217053
guy3_warrior113.jpg,116.0,117.0,0.48962158,119.0,111.0,0.61995363,111.0,112.0,0.37844738,130.0,100.0,0.60880136,115.0,102.0,0.423603,159.0,104.0,0.6844313,118.0,100.0,0.5260792,131.0,101.0,0.39796826,80.0,102.0,0.26983553,94.0,99.0,0.42545098,39.0,99.0,0.5403827,210.0,128.0,0.67966425,202.0,123.0,0.51914674,202.0,185.0,0.7560553,240.0,111.0,0.47134516,201.0,244.0,0.86469674,268.0,109.0,0.73161453
guy3_warrior113_flipped.jpg,183.0,114.0,0.5062249,186.0,110.0,0.4297004,183.0,109.0,0.62103343,179.0,101.0,0.5732787,171.0,99.0,0.61579525,168.0,101.0,0.5771916,145.0,104.0,0.6973163,178.0,98.0,0.25650844,170.0,101.0,0.52563095,205.0,99.0,0.48385975,203.0,100.0,0.4475495,100.0,123.0,0.8542769,88.0,124.0,0.77261126,73.0,118.0,0.34475577,64.0,115.0,0.23167345,31.0,105.0,0.49514928,98.0,245.0,0.7669449
guy3_warrior114.jpg,115.0,115.0,0.57391775,117.0,109.0,0.46432424,112.0,111.0,0.5053483,130.0,99.0,0.4348203,116.0,102.0,0.30025914,157.0,105.0,0.5037185,122.0,103.0,0.38119197,130.0,104.0,0.25195253,89.0,99.0,0.19910136,93.0,98.0,0.32938355,43.0,98.0,0.4479989,209.0,127.0,0.55249584,201.0,122.0,0.48296517,201.0,184.0,0.73063076,242.0,112.0,0.46049628,201.0,245.0,0.8571993,269.0,109.0,0.7072141
guy3_warrior114_flipped.jpg,183.0,114.0,0.5251844,186.0,109.0,0.58785236,183.0,108.0,0.61297315,178.0,99.0,0.6353811,171.0,97.0,0.7140761,167.0,98.0,0.70922565,143.0,103.0,0.53831494,177.0,97.0,0.27260494,171.0,100.0,0.598237,204.0,98.0,0.38910535,205.0,98.0,0.59228987,100.0,122.0,0.8524903,89.0,123.0,0.88008064,96.0,179.0,0.39429137,97.0,183.0,0.26632857,97.0,245.0,0.24807833,98.0,244.0,0.8304105
guy3_warrior115.jpg,115.0,113.0,0.5503317,117.0,108.0,0.39118543,112.0,109.0,0.49656144,129.0,98.0,0.4623626,116.0,101.0,0.26743475,156.0,104.0,0.60411114,122.0,102.0,0.39731008,129.0,102.0,0.287935,88.0,98.0,0.31034777,92.0,97.0,0.4613405,43.0,98.0,0.5070137,210.0,127.0,0.68660474,203.0,122.0,0.53675056,202.0,184.0,0.7328697,242.0,113.0,0.46852282,202.0,243.0,0.885062,271.0,109.0,0.690878
guy3_warrior115_flipped.jpg,185.0,112.0,0.54128087,186.0,108.0,0.54559505,184.0,106.0,0.55343693,178.0,99.0,0.61541367,172.0,97.0,0.68459725,168.0,99.0,0.519119,142.0,103.0,0.6204541,179.0,97.0,0.2969182,172.0,98.0,0.4999787,207.0,97.0,0.46132547,208.0,97.0,0.44923505,101.0,122.0,0.7566734,88.0,123.0,0.873963,74.0,118.0,0.3759066,96.0,183.0,0.5474473,32.0,105.0,0.3419932,97.0,244.0,0.8326365
guy3_warrior116.jpg,114.0,114.0,0.57522947,116.0,109.0,0.5753977,111.0,110.0,0.6095364,131.0,100.0,0.54703665,118.0,101.0,0.3330105,156.0,103.0,0.6019491,127.0,103.0,0.3076622,126.0,100.0,0.4514389,105.0,98.0,0.17856479,90.0,97.0,0.57754654,85.0,96.0,0.25565165,211.0,127.0,0.62077,204.0,121.0,0.5485848,203.0,184.0,0.7251106,243.0,112.0,0.42475206,203.0,243.0,0.87749815,272.0,109.0,0.624157
guy3_warrior116_flipped.jpg,183.0,113.0,0.45855808,186.0,109.0,0.65554184,182.0,107.0,0.61810243,178.0,101.0,0.5559943,172.0,98.0,0.63382316,169.0,98.0,0.71921,148.0,102.0,0.5972313,183.0,94.0,0.34218016,173.0,99.0,0.4378122,208.0,97.0,0.34525,209.0,97.0,0.3824525,102.0,121.0,0.7515219,89.0,124.0,0.8289851,72.0,118.0,0.567852,96.0,184.0,0.72147155,29.0,106.0,0.4699238,96.0,243.0,0.58375514
guy3_warrior117.jpg,114.0,113.0,0.6421913,117.0,108.0,0.51604223,111.0,109.0,0.69345367,131.0,98.0,0.61164606,117.0,100.0,0.40879062,157.0,103.0,0.6577843,125.0,102.0,0.48079222,126.0,101.0,0.39988387,106.0,98.0,0.19401821,88.0,96.0,0.65316176,85.0,95.0,0.3317355,210.0,126.0,0.66391337,202.0,120.0,0.62460315,203.0,183.0,0.6070459,242.0,113.0,0.55685306,203.0,242.0,0.92180574,273.0,109.0,0.6799153
guy3_warrior117_flipped.jpg,182.0,113.0,0.57207525,186.0,108.0,0.6646124,182.0,107.0,0.6390276,179.0,101.0,0.5507077,171.0,97.0,0.5283027,170.0,100.0,0.5006726,144.0,103.0,0.59127104,192.0,98.0,0.24943402,173.0,99.0,0.3731469,209.0,96.0,0.46013653,210.0,96.0,0.29368722,101.0,123.0,0.7764883,88.0,124.0,0.8788747,96.0,180.0,0.42044294,53.0,111.0,0.28374925,95.0,244.0,0.47499672,24.0,104.0,0.6998943
guy3_warrior118.jpg,115.0,113.0,0.6492121,118.0,108.0,0.5194881,112.0,108.0,0.64305043,131.0,97.0,0.6482746,117.0,99.0,0.4793809,156.0,102.0,0.63544965,124.0,98.0,0.38794798,122.0,98.0,0.49029037,104.0,95.0,0.28632832,85.0,95.0,0.66907585,82.0,94.0,0.38433495,210.0,127.0,0.7051579,204.0,120.0,0.48667568,203.0,184.0,0.74684244,246.0,112.0,0.56415963,204.0,243.0,0.902394,276.0,110.0,0.74159265
guy3_warrior118_flipped.jpg,183.0,114.0,0.62354475,186.0,110.0,0.5300028,182.0,109.0,0.6851159,180.0,100.0,0.61952746,172.0,97.0,0.63222826,169.0,98.0,0.70279276,147.0,100.0,0.7683882,185.0,96.0,0.3617438,175.0,97.0,0.37993163,215.0,96.0,0.33141425,215.0,95.0,0.40961197,100.0,121.0,0.7404989,88.0,123.0,0.8864509,96.0,179.0,0.3034981,95.0,182.0,0.28794163,96.0,244.0,0.33614588,22.0,103.0,0.6850301
guy3_warrior119.jpg,116.0,113.0,0.5772465,118.0,108.0,0.43112597,112.0,109.0,0.4018398,129.0,97.0,0.4489706,118.0,99.0,0.4705844,156.0,103.0,0.5522555,127.0,99.0,0.2877402,122.0,97.0,0.39751706,100.0,95.0,0.28478828,85.0,93.0,0.5576827,83.0,92.0,0.39517498,211.0,127.0,0.65996367,205.0,122.0,0.5646827,203.0,183.0,0.72076917,249.0,112.0,0.44878766,204.0,242.0,0.907456,278.0,111.0,0.6937249
guy3_warrior119_flipped.jpg,182.0,113.0,0.48024604,185.0,108.0,0.68774426,181.0,106.0,0.55641866,178.0,99.0,0.5312805,172.0,96.0,0.65345085,166.0,102.0,0.39948946,145.0,100.0,0.8228503,184.0,96.0,0.2995397,173.0,97.0,0.51776934,211.0,95.0,0.37989688,212.0,94.0,0.36166564,100.0,121.0,0.6563838,88.0,124.0,0.8513101,66.0,116.0,0.51747423,94.0,183.0,0.4759893,25.0,106.0,0.3929444,96.0,243.0,0.8098891
guy3_warrior120.jpg,118.0,114.0,0.5835432,119.0,108.0,0.53851354,113.0,109.0,0.5337425,131.0,98.0,0.503917,119.0,101.0,0.31532893,156.0,103.0,0.46529418,128.0,99.0,0.22092794,121.0,96.0,0.37147173,104.0,94.0,0.28060037,86.0,93.0,0.45539778,84.0,93.0,0.32001978,209.0,128.0,0.53929794,202.0,122.0,0.5246403,203.0,184.0,0.7079687,247.0,112.0,0.41022423,205.0,243.0,0.8747814,277.0,108.0,0.5792315
guy3_warrior120_flipped.jpg,182.0,115.0,0.5401209,186.0,110.0,0.586242,182.0,108.0,0.48214075,179.0,99.0,0.41508,171.0,96.0,0.5580489,168.0,99.0,0.64893734,146.0,100.0,0.7605244,186.0,95.0,0.3232995,175.0,97.0,0.36932638,213.0,95.0,0.28836414,213.0,93.0,0.25264004,100.0,119.0,0.8738867,89.0,123.0,0.8653291,62.0,115.0,0.55126107,94.0,182.0,0.33026418,29.0,106.0,0.2202575,95.0,243.0,0.7722038
guy3_warrior121.jpg,117.0,114.0,0.5715766,119.0,109.0,0.57841897,113.0,109.0,0.5663909,130.0,98.0,0.5196897,119.0,102.0,0.35689354,156.0,103.0,0.56922567,129.0,99.0,0.21251662,121.0,96.0,0.50695586,101.0,96.0,0.34654176,86.0,92.0,0.6276793,83.0,92.0,0.37635493,212.0,127.0,0.6532158,204.0,122.0,0.38338867,204.0,184.0,0.74635005,246.0,115.0,0.3696747,205.0,241.0,0.86369836,278.0,108.0,0.46326643
guy3_warrior121_flipped.jpg,181.0,114.0,0.56777644,185.0,109.0,0.5850795,181.0,108.0,0.51439077,178.0,98.0,0.45821643,171.0,97.0,0.6141974,168.0,97.0,0.60384583,148.0,98.0,0.69304657,182.0,98.0,0.24240147,173.0,97.0,0.56965536,211.0,94.0,0.3479468,208.0,93.0,0.5535394,100.0,121.0,0.6674739,90.0,123.0,0.8875066,62.0,116.0,0.48520765,94.0,182.0,0.34346208,30.0,103.0,0.4576811,94.0,242.0,0.6628792
guy3_warrior122.jpg,117.0,114.0,0.52743226,118.0,109.0,0.53902435,113.0,109.0,0.53050774,130.0,98.0,0.4786765,119.0,102.0,0.35441035,155.0,105.0,0.527709,126.0,101.0,0.32976416,121.0,96.0,0.47905052,100.0,97.0,0.36070102,84.0,91.0,0.5128771,80.0,91.0,0.38557065,213.0,127.0,0.6031274,206.0,123.0,0.42023724,204.0,183.0,0.5123262,248.0,115.0,0.36403877,205.0,241.0,0.8322438,279.0,110.0,0.5569998
guy3_warrior122_flipped.jpg,182.0,112.0,0.68992186,186.0,108.0,0.718874,183.0,107.0,0.61310804,178.0,98.0,0.60064614,171.0,95.0,0.5725415,170.0,97.0,0.528038,148.0,97.0,0.7576465,188.0,99.0,0.2783646,173.0,98.0,0.5645055,211.0,93.0,0.42937198,209.0,91.0,0.50881946,100.0,120.0,0.80627525,88.0,123.0,0.7958041,95.0,179.0,0.36763382,94.0,181.0,0.30688488,30.0,104.0,0.26656574,17.0,107.0,0.53861713
guy3_warrior123.jpg,117.0,116.0,0.48948926,118.0,110.0,0.5239538,113.0,112.0,0.511132,130.0,100.0,0.58523166,119.0,102.0,0.39657333,154.0,104.0,0.54572105,129.0,103.0,0.27627993,120.0,96.0,0.57184863,100.0,97.0,0.29130018,83.0,91.0,0.7099197,80.0,91.0,0.36216033,212.0,127.0,0.62783235,206.0,123.0,0.44405553,204.0,184.0,0.7158592,245.0,116.0,0.43848816,206.0,242.0,0.87224984,280.0,110.0,0.61667913
guy3_warrior123_flipped.jpg,181.0,115.0,0.65290767,186.0,111.0,0.5125882,182.0,110.0,0.6505137,179.0,101.0,0.5342908,172.0,98.0,0.5536315,168.0,99.0,0.67271113,150.0,99.0,0.47381243,192.0,98.0,0.27782658,176.0,95.0,0.49266568,211.0,91.0,0.2653622,211.0,90.0,0.42359334,99.0,123.0,0.6274532,90.0,126.0,0.81433666,59.0,116.0,0.58046067,94.0,183.0,0.48099792,25.0,103.0,0.41188204,94.0,242.0,0.7163727
guy3_warrior124.jpg,117.0,115.0,0.5054902,118.0,110.0,0.49511012,113.0,111.0,0.5506569,130.0,100.0,0.5768349,120.0,102.0,0.42694956,152.0,104.0,0.42362678,129.0,103.0,0.28583288,116.0,96.0,0.52528775,96.0,101.0,0.2691262,85.0,90.0,0.5905942,55.0,95.0,0.49648386,211.0,128.0,0.57964385,208.0,123.0,0.43746084,203.0,184.0,0.69905794,245.0,116.0,0.4417081,206.0,242.0,0.8712194,282.0,113.0,0.5670507
guy3_warrior124_flipped.jpg,181.0,115.0,0.6151105,184.0,111.0,0.621667,182.0,109.0,0.6419521,178.0,100.0,0.49351564,173.0,98.0,0.5413455,168.0,98.0,0.633353,151.0,97.0,0.64793503,195.0,97.0,0.36173758,177.0,95.0,0.50916815,214.0,91.0,0.3481175,212.0,88.0,0.5201868,97.0,124.0,0.79314405,90.0,126.0,0.863786,52.0,115.0,0.6101608,94.0,183.0,0.48152998,93.0,243.0,0.41310546,93.0,243.0,0.517799
guy3_warrior125.jpg,116.0,116.0,0.75136626,116.0,110.0,0.7421472,114.0,111.0,0.6882961,127.0,101.0,0.61100864,122.0,101.0,0.7551453,151.0,105.0,0.7227428,133.0,104.0,0.6985779,116.0,93.0,0.68918145,103.0,100.0,0.46918282,86.0,88.0,0.6990639,83.0,92.0,0.4218166,210.0,125.0,0.88789576,207.0,120.0,0.85781413,205.0,184.0,0.736938,250.0,113.0,0.7111466,205.0,243.0,0.89784956,282.0,111.0,0.7932218
guy3_warrior125_flipped.jpg,181.0,115.0,0.6169055,185.0,111.0,0.6567955,182.0,109.0,0.5916376,177.0,99.0,0.47339556,173.0,97.0,0.44606373,168.0,99.0,0.6386417,152.0,99.0,0.6513431,195.0,98.0,0.42019224,178.0,96.0,0.51245916,214.0,89.0,0.3854031,213.0,87.0,0.5874965,97.0,122.0,0.7790105,90.0,126.0,0.7882449,56.0,116.0,0.5847461,93.0,186.0,0.6794312,24.0,105.0,0.36268497,93.0,245.0,0.5590928
guy3_warrior126.jpg,116.0,117.0,0.45984498,117.0,113.0,0.45765528,113.0,114.0,0.51295173,127.0,102.0,0.5769824,119.0,104.0,0.50665706,151.0,103.0,0.4665876,130.0,107.0,0.38049516,116.0,95.0,0.5005031,92.0,103.0,0.4168597,84.0,85.0,0.5468571,54.0,96.0,0.740407,211.0,128.0,0.579012,208.0,124.0,0.52718854,204.0,185.0,0.7245745,247.0,117.0,0.42331105,206.0,244.0,0.8587215,283.0,112.0,0.591575
guy3_warrior126_flipped.jpg,181.0,117.0,0.69206953,184.0,113.0,0.7182882,182.0,112.0,0.5137328,176.0,101.0,0.7128979,173.0,100.0,0.42960897,167.0,100.0,0.7729754,151.0,100.0,0.6013063,197.0,98.0,0.5486029,179.0,96.0,0.64095044,217.0,91.0,0.30780348,214.0,85.0,0.49575767,97.0,124.0,0.7991977,89.0,126.0,0.76241887,52.0,115.0,0.6687342,94.0,184.0,0.56159395,93.0,243.0,0.32591498,94.0,243.0,0.6060265
guy3_warrior127.jpg,116.0,118.0,0.6125018,115.0,112.0,0.7354852,112.0,112.0,0.7178772,128.0,103.0,0.719417,121.0,103.0,0.5590812,154.0,106.0,0.7861855,131.0,108.0,0.74096763,120.0,96.0,0.6259458,99.0,101.0,0.37444934,86.0,84.0,0.7436706,83.0,91.0,0.20021428,212.0,125.0,0.92459476,207.0,121.0,0.840204,205.0,184.0,0.63857967,252.0,113.0,0.7469497,207.0,243.0,0.95347726,284.0,112.0,0.75357676
guy3_warrior127_flipped.jpg,181.0,119.0,0.7393966,184.0,114.0,0.7121858,182.0,112.0,0.5191665,176.0,102.0,0.5015315,173.0,101.0,0.55143833,166.0,104.0,0.7358445,151.0,101.0,0.67649376,190.0,101.0,0.45434138,176.0,98.0,0.47784758,215.0,88.0,0.3946607,214.0,86.0,0.5975704,97.0,126.0,0.5923315,90.0,127.0,0.91139144,94.0,181.0,0.38343522,95.0,183.0,0.25216064,15.0,107.0,0.45712292,93.0,243.0,0.8302705
guy3_warrior128.jpg,115.0,119.0,0.5968897,116.0,113.0,0.6854142,112.0,113.0,0.75293297,128.0,104.0,0.7501113,120.0,105.0,0.6019541,152.0,107.0,0.50702494,130.0,110.0,0.70097363,118.0,96.0,0.6269388,98.0,101.0,0.26310202,85.0,83.0,0.6694406,81.0,89.0,0.2084509,211.0,125.0,0.8302727,205.0,123.0,0.7728476,205.0,184.0,0.71051335,251.0,116.0,0.69420314,206.0,243.0,0.94469994,285.0,112.0,0.7408272
guy3_warrior128_flipped.jpg,183.0,119.0,0.63362336,186.0,114.0,0.56845444,183.0,112.0,0.4397824,178.0,104.0,0.4176858,173.0,102.0,0.6606721,166.0,105.0,0.64488405,148.0,102.0,0.6397778,190.0,101.0,0.28988764,180.0,97.0,0.72063696,210.0,94.0,0.20040753,212.0,86.0,0.44135895,96.0,124.0,0.7970495,90.0,129.0,0.88089573,50.0,116.0,0.70378083,94.0,184.0,0.61968696,17.0,111.0,0.54148734,94.0,243.0,0.83165264
guy3_warrior129.jpg,113.0,118.0,0.5824411,114.0,113.0,0.5896951,110.0,114.0,0.67776203,125.0,104.0,0.49837828,116.0,106.0,0.37720042,150.0,107.0,0.4802768,127.0,108.0,0.37127498,109.0,95.0,0.1811797,92.0,102.0,0.40281603,80.0,81.0,0.42616874,53.0,96.0,0.5103003,211.0,129.0,0.53752756,208.0,122.0,0.45606408,204.0,186.0,0.6649,248.0,117.0,0.40824008,205.0,245.0,0.78886604,285.0,115.0,0.55700594
guy3_warrior129_flipped.jpg,184.0,119.0,0.60544693,187.0,114.0,0.74282134,184.0,113.0,0.6651789,178.0,104.0,0.5352471,172.0,102.0,0.63240343,163.0,107.0,0.6964495,146.0,105.0,0.45140338,190.0,100.0,0.18912992,179.0,99.0,0.36909732,210.0,96.0,0.2101697,218.0,85.0,0.2164241,97.0,126.0,0.7045834,91.0,131.0,0.8347211,53.0,119.0,0.71257615,95.0,186.0,0.62450325,15.0,110.0,0.5350661,94.0,244.0,0.78230953
guy3_warrior130.jpg,114.0,121.0,0.68871427,113.0,114.0,0.6174361,110.0,115.0,0.7442261,126.0,106.0,0.6239077,120.0,107.0,0.7692785,152.0,110.0,0.70023483,132.0,113.0,0.78851366,119.0,100.0,0.42229593,98.0,105.0,0.386715,84.0,86.0,0.6038557,80.0,98.0,0.17768879,210.0,129.0,0.8561396,207.0,124.0,0.8373454,204.0,186.0,0.7139702,251.0,118.0,0.69596195,205.0,245.0,0.8870183,285.0,117.0,0.8383201
guy3_warrior130_flipped.jpg,184.0,120.0,0.5246357,187.0,116.0,0.66452765,184.0,114.0,0.44017348,179.0,105.0,0.494907,173.0,103.0,0.4530058,162.0,110.0,0.72023976,147.0,107.0,0.5307155,190.0,103.0,0.26250967,182.0,99.0,0.4263707,214.0,90.0,0.2312093,216.0,87.0,0.47871393,97.0,127.0,0.5535217,92.0,132.0,0.8084349,53.0,119.0,0.62858325,95.0,187.0,0.52861315,17.0,112.0,0.5081909,95.0,245.0,0.69683915
guy3_warrior131.jpg,113.0,122.0,0.55490285,114.0,116.0,0.7348241,110.0,116.0,0.75888765,125.0,107.0,0.6909646,118.0,108.0,0.6136863,151.0,111.0,0.56524485,131.0,115.0,0.6108316,115.0,99.0,0.5896894,100.0,105.0,0.35630426,81.0,85.0,0.38339084,78.0,96.0,0.1206077,211.0,129.0,0.8678229,205.0,125.0,0.78294176,204.0,186.0,0.67513263,251.0,119.0,0.7329422,204.0,245.0,0.8648111,286.0,117.0,0.6797658
guy3_warrior131_flipped.jpg,184.0,121.0,0.5937954,187.0,117.0,0.5386902,184.0,116.0,0.6057986,179.0,108.0,0.28708678,174.0,106.0,0.48650235,164.0,110.0,0.58347595,147.0,109.0,0.48941666,193.0,102.0,0.3120997,181.0,100.0,0.42961344,215.0,88.0,0.15851517,219.0,87.0,0.40378037,97.0,125.0,0.726429,93.0,132.0,0.746607,57.0,122.0,0.70620334,95.0,188.0,0.57906777,19.0,113.0,0.51099026,94.0,246.0,0.72137916
guy3_warrior132.jpg,113.0,122.0,0.6827043,113.0,116.0,0.6198515,110.0,116.0,0.7607482,125.0,107.0,0.58287716,119.0,108.0,0.7787535,149.0,110.0,0.69950426,130.0,115.0,0.7346794,113.0,96.0,0.52451885,94.0,105.0,0.3439283,81.0,84.0,0.45240828,67.0,98.0,0.158743,211.0,130.0,0.93075967,205.0,128.0,0.82409465,203.0,188.0,0.68911314,250.0,121.0,0.6605988,205.0,245.0,0.92912316,285.0,120.0,0.68310905
guy3_warrior132_flipped.jpg,184.0,122.0,0.5420748,188.0,118.0,0.49049425,185.0,116.0,0.47759888,180.0,109.0,0.251419,174.0,107.0,0.3460482,164.0,109.0,0.51221263,147.0,111.0,0.6665702,197.0,105.0,0.23250166,182.0,101.0,0.48162603,215.0,89.0,0.25484437,218.0,86.0,0.36103576,96.0,127.0,0.7320138,93.0,133.0,0.68177223,58.0,123.0,0.68713444,96.0,189.0,0.5240377,18.0,113.0,0.48522323,94.0,246.0,0.676893
guy3_warrior133.jpg,113.0,122.0,0.46686763,112.0,118.0,0.488149,108.0,118.0,0.5611278,124.0,108.0,0.51034963,116.0,110.0,0.3490158,150.0,111.0,0.4320219,128.0,110.0,0.44270366,119.0,104.0,0.2726552,91.0,106.0,0.36686018,79.0,84.0,0.6048252,52.0,100.0,0.62270916,210.0,134.0,0.52106476,206.0,127.0,0.5005084,202.0,189.0,0.69594264,249.0,121.0,0.56605446,204.0,246.0,0.87592536,284.0,118.0,0.4808516
guy3_warrior133_flipped.jpg,185.0,122.0,0.60315526,189.0,117.0,0.64614975,186.0,116.0,0.6033904,180.0,109.0,0.5727824,175.0,107.0,0.6477413,165.0,110.0,0.70075643,149.0,110.0,0.6589875,199.0,108.0,0.46613714,183.0,103.0,0.5064138,219.0,89.0,0.14301723,219.0,87.0,0.42151892,96.0,125.0,0.62211823,93.0,134.0,0.75206655,54.0,123.0,0.816432,96.0,190.0,0.52358353,18.0,115.0,0.6122203,94.0,246.0,0.74496686
guy3_warrior134.jpg,112.0,123.0,0.58490443,111.0,117.0,0.556172,108.0,118.0,0.61523205,124.0,109.0,0.6378819,117.0,111.0,0.53911114,151.0,113.0,0.58277595,126.0,116.0,0.55673707,116.0,103.0,0.4312752,87.0,108.0,0.3941361,79.0,85.0,0.6914487,49.0,102.0,0.7019427,209.0,134.0,0.6421559,204.0,130.0,0.42983535,202.0,189.0,0.6811568,245.0,124.0,0.45781028,203.0,248.0,0.89324856,283.0,119.0,0.5255551
guy3_warrior134_flipped.jpg,186.0,122.0,0.6972648,189.0,117.0,0.5433179,187.0,116.0,0.4805571,180.0,108.0,0.74378186,178.0,106.0,0.61590093,166.0,113.0,0.7152704,151.0,107.0,0.7550223,200.0,107.0,0.44084018,184.0,103.0,0.36321777,216.0,108.0,0.20612457,219.0,88.0,0.5268556,97.0,126.0,0.7637985,94.0,133.0,0.89762074,52.0,123.0,0.81076694,97.0,189.0,0.66212845,18.0,116.0,0.7236661,95.0,248.0,0.76245666
guy3_warrior135.jpg,111.0,125.0,0.5742223,112.0,119.0,0.57388234,108.0,120.0,0.6038083,123.0,110.0,0.66789675,114.0,113.0,0.49065518,151.0,114.0,0.5294626,125.0,118.0,0.42081708,117.0,104.0,0.54402125,87.0,110.0,0.4375766,78.0,86.0,0.5896114,49.0,103.0,0.5387587,209.0,136.0,0.57677746,203.0,132.0,0.46304297,201.0,190.0,0.6875548,243.0,125.0,0.51378167,202.0,248.0,0.86386406,284.0,122.0,0.52037704
guy3_warrior135_flipped.jpg,187.0,125.0,0.6565639,191.0,121.0,0.63546014,188.0,119.0,0.48773178,182.0,112.0,0.5542309,179.0,110.0,0.5516861,168.0,115.0,0.60595125,155.0,112.0,0.6191133,201.0,108.0,0.373999,184.0,103.0,0.5233827,218.0,92.0,0.26233223,219.0,90.0,0.4170373,100.0,129.0,0.55368817,95.0,135.0,0.84860957,57.0,125.0,0.73136544,98.0,190.0,0.44929117,18.0,118.0,0.5960133,96.0,247.0,0.7382506
guy3_warrior136.jpg,111.0,126.0,0.57189476,112.0,121.0,0.58949447,108.0,122.0,0.62887156,124.0,112.0,0.74424076,116.0,113.0,0.6151818,150.0,114.0,0.6175424,126.0,118.0,0.46242148,113.0,104.0,0.48753905,89.0,112.0,0.44480693,77.0,86.0,0.8307133,51.0,103.0,0.6599285,208.0,138.0,0.5093492,204.0,132.0,0.5668529,200.0,192.0,0.65924114,244.0,125.0,0.52004015,202.0,249.0,0.8457074,282.0,122.0,0.5470795
guy3_warrior136_flipped.jpg,188.0,125.0,0.6403414,192.0,121.0,0.59364974,189.0,119.0,0.56817585,183.0,112.0,0.5477648,180.0,110.0,0.53137136,167.0,116.0,0.6270734,154.0,113.0,0.58843625,199.0,109.0,0.46750435,185.0,105.0,0.51040566,219.0,93.0,0.31552804,220.0,91.0,0.4679733,99.0,128.0,0.75958425,95.0,136.0,0.8640335,55.0,127.0,0.78257054,99.0,192.0,0.54501987,17.0,119.0,0.79298174,96.0,247.0,0.8331202
guy3_warrior137_flipped.jpg,189.0,127.0,0.5821543,192.0,123.0,0.7616323,190.0,121.0,0.555265,184.0,114.0,0.6581633,181.0,112.0,0.66162896,167.0,115.0,0.6472657,156.0,113.0,0.6065856,200.0,108.0,0.41790366,188.0,105.0,0.5021934,220.0,92.0,0.2305527,221.0,91.0,0.53286827,99.0,129.0,0.7389519,96.0,136.0,0.80020076,57.0,128.0,0.76222616,99.0,193.0,0.60951006,18.0,120.0,0.72964907,97.0,248.0,0.8604257
guy3_warrior138.jpg,108.0,129.0,0.60028696,108.0,124.0,0.767167,105.0,125.0,0.5727585,119.0,116.0,0.6075666,114.0,117.0,0.7474861,143.0,117.0,0.6956848,124.0,125.0,0.7503851,107.0,105.0,0.381859,89.0,113.0,0.3979848,78.0,87.0,0.47538108,68.0,107.0,0.17819467,205.0,135.0,0.9218889,202.0,131.0,0.84885263,199.0,193.0,0.7313143,248.0,128.0,0.6830801,201.0,250.0,0.92512167,282.0,123.0,0.8436992
guy3_warrior138_flipped.jpg,190.0,128.0,0.5662478,193.0,124.0,0.703626,191.0,122.0,0.73430634,185.0,115.0,0.5814607,184.0,112.0,0.65259457,171.0,115.0,0.59249425,159.0,113.0,0.5722395,199.0,109.0,0.34617525,187.0,107.0,0.5108647,223.0,92.0,0.14971006,223.0,90.0,0.61150527,100.0,129.0,0.7774626,97.0,138.0,0.8630045,57.0,129.0,0.811002,100.0,194.0,0.6792088,18.0,121.0,0.7798365,98.0,249.0,0.9024118
guy3_warrior139.jpg,109.0,131.0,0.46996522,109.0,126.0,0.49300677,106.0,127.0,0.6141599,119.0,116.0,0.47686952,112.0,120.0,0.40097967,139.0,119.0,0.57352155,122.0,126.0,0.59831846,102.0,104.0,0.34894264,85.0,113.0,0.39397407,71.0,86.0,0.6058917,51.0,106.0,0.5043465,203.0,139.0,0.6409359,201.0,134.0,0.41184238,198.0,195.0,0.6223467,242.0,130.0,0.46772885,199.0,251.0,0.78966343,280.0,126.0,0.6204777
guy3_warrior139_flipped.jpg,189.0,128.0,0.5854134,193.0,124.0,0.67026573,191.0,122.0,0.5256264,185.0,113.0,0.46424964,183.0,112.0,0.46682718,173.0,115.0,0.7280901,161.0,114.0,0.46895915,207.0,112.0,0.46920443,189.0,109.0,0.44828326,227.0,110.0,0.2658921,221.0,92.0,0.5535301,101.0,130.0,0.61840516,98.0,138.0,0.87992775,56.0,130.0,0.74581623,101.0,195.0,0.77141356,15.0,123.0,0.7846325,99.0,250.0,0.8851061
guy3_warrior140.jpg,108.0,134.0,0.63461554,106.0,129.0,0.57818615,104.0,130.0,0.75305694,116.0,120.0,0.80467016,112.0,120.0,0.6292587,139.0,118.0,0.73662496,124.0,125.0,0.7196597,107.0,108.0,0.43590078,91.0,116.0,0.45472097,76.0,90.0,0.5691842,66.0,110.0,0.21738915,204.0,137.0,0.9413104,199.0,133.0,0.8142103,198.0,196.0,0.7854669,247.0,131.0,0.7259252,200.0,252.0,0.9197783,282.0,125.0,0.87123305
guy3_warrior140_flipped.jpg,189.0,133.0,0.63222814,192.0,130.0,0.61510766,190.0,128.0,0.59849364,185.0,120.0,0.55024195,182.0,118.0,0.5023697,172.0,117.0,0.6523558,159.0,116.0,0.5617155,206.0,114.0,0.48138094,191.0,110.0,0.40847573,222.0,97.0,0.268289,222.0,93.0,0.43675813,101.0,132.0,0.751076,100.0,141.0,0.8227968,60.0,131.0,0.83739716,102.0,196.0,0.6751978,19.0,123.0,0.8169558,99.0,251.0,0.8619865
guy3_warrior141.jpg,110.0,133.0,0.5807124,109.0,129.0,0.6123513,106.0,130.0,0.60684276,116.0,119.0,0.55835557,110.0,122.0,0.48732355,135.0,119.0,0.5106185,118.0,129.0,0.4696097,105.0,109.0,0.28206128,85.0,134.0,0.41863695,77.0,94.0,0.6981151,53.0,147.0,0.6734496,198.0,142.0,0.45029545,197.0,137.0,0.48119935,196.0,197.0,0.40629628,242.0,130.0,0.4974597,197.0,254.0,0.7061571,279.0,129.0,0.44057328
guy3_warrior141_flipped.jpg,190.0,133.0,0.53783965,193.0,130.0,0.60316503,192.0,129.0,0.55509734,187.0,121.0,0.4852709,184.0,118.0,0.46965772,178.0,120.0,0.5346104,162.0,116.0,0.684609,217.0,135.0,0.59536535,192.0,112.0,0.3535349,244.0,144.0,0.40049186,223.0,95.0,0.6894057,104.0,133.0,0.68875015,102.0,141.0,0.6705884,59.0,132.0,0.73554635,103.0,198.0,0.6763083,19.0,123.0,0.66344345,101.0,253.0,0.83501285
guy3_warrior142.jpg,107.0,134.0,0.5431892,107.0,129.0,0.6303259,103.0,129.0,0.5767766,117.0,121.0,0.48899364,110.0,122.0,0.4285593,136.0,121.0,0.55724096,122.0,128.0,0.5184219,102.0,108.0,0.108177476,83.0,136.0,0.53580594,73.0,94.0,0.59554076,59.0,144.0,0.2794819,201.0,140.0,0.91848123,195.0,138.0,0.7339674,196.0,198.0,0.72972065,245.0,133.0,0.716607,199.0,254.0,0.85982376,282.0,129.0,0.8628893
guy3_warrior142_flipped.jpg,190.0,134.0,0.56707513,194.0,130.0,0.42370492,192.0,129.0,0.4540297,188.0,123.0,0.34826705,184.0,118.0,0.46072304,178.0,124.0,0.5108663,160.0,117.0,0.5579919,216.0,137.0,0.4724382,194.0,114.0,0.4714175,241.0,144.0,0.24710748,223.0,98.0,0.54672694,105.0,136.0,0.71209866,102.0,143.0,0.6266937,62.0,133.0,0.6427252,103.0,200.0,0.664539,21.0,126.0,0.59811497,101.0,254.0,0.82683456
guy3_warrior143.jpg,109.0,134.0,0.5857351,108.0,129.0,0.6677849,105.0,130.0,0.6345092,117.0,119.0,0.54917395,113.0,121.0,0.59560436,137.0,121.0,0.63948274,124.0,125.0,0.5296019,101.0,109.0,0.28101426,88.0,116.0,0.38972852,76.0,97.0,0.5487516,63.0,112.0,0.20219274,198.0,141.0,0.83036023,196.0,136.0,0.7980231,195.0,198.0,0.75145113,243.0,133.0,0.63864744,197.0,254.0,0.9048521,281.0,130.0,0.843346
guy3_warrior143_flipped.jpg,188.0,135.0,0.5195509,192.0,130.0,0.6066824,190.0,130.0,0.6154269,186.0,121.0,0.42959833,184.0,120.0,0.5317191,170.0,119.0,0.60023785,159.0,120.0,0.68122065,205.0,116.0,0.26681966,193.0,114.0,0.481916,221.0,103.0,0.36905068,222.0,102.0,0.3957161,104.0,136.0,0.7230166,104.0,145.0,0.6628481,60.0,134.0,0.53495944,105.0,200.0,0.47010347,21.0,129.0,0.7095382,101.0,254.0,0.8205966
guy3_warrior144.jpg,107.0,132.0,0.5897652,106.0,127.0,0.61614215,104.0,128.0,0.64055026,117.0,117.0,0.5865902,113.0,121.0,0.45417395,138.0,120.0,0.6216366,124.0,124.0,0.56055915,97.0,112.0,0.17008425,89.0,116.0,0.4539202,70.0,98.0,0.511472,63.0,111.0,0.23449972,198.0,145.0,0.8307502,195.0,140.0,0.59867644,194.0,201.0,0.646363,242.0,138.0,0.57974243,197.0,255.0,0.925934,280.0,133.0,0.78707933
guy3_warrior144_flipped.jpg,191.0,132.0,0.58377695,195.0,127.0,0.6312418,192.0,126.0,0.628245,188.0,117.0,0.36553124,184.0,116.0,0.51627827,169.0,119.0,0.58230305,160.0,119.0,0.520803,201.0,116.0,0.3215142,195.0,114.0,0.38093862,222.0,105.0,0.27037543,224.0,105.0,0.4132673,105.0,139.0,0.71136236,104.0,146.0,0.681908,63.0,138.0,0.44448456,106.0,202.0,0.4530116,19.0,132.0,0.7273737,102.0,256.0,0.7800064
guy3_warrior145.jpg,107.0,133.0,0.51156914,106.0,128.0,0.39857528,104.0,128.0,0.6424892,117.0,118.0,0.53540134,111.0,120.0,0.4691659,136.0,119.0,0.45958441,123.0,125.0,0.62052596,96.0,111.0,0.390089,90.0,117.0,0.44010177,71.0,101.0,0.4747105,68.0,105.0,0.20756513,196.0,147.0,0.7499222,194.0,141.0,0.6851005,192.0,202.0,0.8425775,239.0,142.0,0.65047747,195.0,256.0,0.9037342,280.0,138.0,0.8203007
guy3_warrior145_flipped.jpg,191.0,132.0,0.534455,195.0,127.0,0.5700979,193.0,127.0,0.66633165,188.0,118.0,0.36176896,185.0,116.0,0.48702848,169.0,120.0,0.5333574,159.0,118.0,0.7230017,198.0,114.0,0.32167482,195.0,113.0,0.4308136,222.0,107.0,0.31555647,224.0,105.0,0.5457648,107.0,142.0,0.7436577,103.0,146.0,0.70059043,61.0,142.0,0.6646121,108.0,201.0,0.5262611,20.0,135.0,0.78779113,103.0,256.0,0.8007868
guy3_warrior146.jpg,107.0,128.0,0.50604284,107.0,124.0,0.4363967,104.0,125.0,0.5442189,118.0,115.0,0.63781816,112.0,117.0,0.32702038,136.0,119.0,0.5856328,124.0,121.0,0.3822883,98.0,111.0,0.22039355,87.0,114.0,0.35769865,73.0,101.0,0.40901485,73.0,104.0,0.23061919,195.0,148.0,0.72840285,191.0,144.0,0.5969458,191.0,202.0,0.74582887,236.0,148.0,0.6091771,194.0,257.0,0.8889151,279.0,143.0,0.8486732
guy3_warrior146_flipped.jpg,192.0,129.0,0.5440703,195.0,125.0,0.6627387,193.0,124.0,0.5579383,190.0,116.0,0.41990367,186.0,114.0,0.5476682,174.0,123.0,0.53144115,159.0,117.0,0.63761836,203.0,113.0,0.3799595,195.0,111.0,0.43215525,223.0,105.0,0.30067772,227.0,102.0,0.51882577,108.0,144.0,0.7359033,105.0,148.0,0.6547409,63.0,147.0,0.6074639,110.0,203.0,0.5447906,21.0,140.0,0.74524885,105.0,257.0,0.7991192
guy3_warrior147.jpg,107.0,128.0,0.5906825,107.0,124.0,0.6075782,104.0,125.0,0.5859548,117.0,114.0,0.61898637,111.0,116.0,0.38464937,137.0,118.0,0.7307755,121.0,123.0,0.4412349,102.0,108.0,0.46980414,92.0,114.0,0.41859797,69.0,99.0,0.46452147,67.0,101.0,0.27564406,195.0,148.0,0.7365852,190.0,145.0,0.6146152,191.0,204.0,0.70175326,234.0,151.0,0.6396886,192.0,258.0,0.9087778,278.0,149.0,0.79497737
guy3_warrior147_flipped.jpg,192.0,127.0,0.41900986,196.0,123.0,0.57681704,194.0,122.0,0.65755755,190.0,115.0,0.548706,186.0,113.0,0.60951483,173.0,122.0,0.66687334,158.0,116.0,0.6338104,200.0,113.0,0.48762965,195.0,110.0,0.716491,222.0,108.0,0.44411224,225.0,104.0,0.4857186,109.0,147.0,0.7122401,102.0,149.0,0.8543006,62.0,151.0,0.7365501,110.0,204.0,0.74150014,20.0,147.0,0.83585256,106.0,259.0,0.7731224
guy3_warrior148.jpg,106.0,127.0,0.5858015,106.0,122.0,0.65752864,103.0,123.0,0.58079886,117.0,114.0,0.6560571,111.0,116.0,0.30994442,137.0,118.0,0.6451438,121.0,124.0,0.52356124,101.0,104.0,0.53612643,92.0,112.0,0.54789054,67.0,93.0,0.39739597,65.0,96.0,0.26071844,195.0,149.0,0.8125548,190.0,147.0,0.5979802,189.0,204.0,0.8911004,236.0,154.0,0.598925,192.0,259.0,0.91388655,281.0,155.0,0.8072644
guy3_warrior148_flipped.jpg,193.0,125.0,0.52480096,196.0,122.0,0.58713007,194.0,120.0,0.7076837,188.0,113.0,0.47235808,186.0,113.0,0.5689086,171.0,117.0,0.726143,160.0,115.0,0.69186807,205.0,111.0,0.32012624,196.0,107.0,0.44090062,225.0,101.0,0.30651984,228.0,98.0,0.4946571,108.0,148.0,0.82291514,101.0,150.0,0.9274086,63.0,155.0,0.8588924,112.0,205.0,0.87978256,20.0,153.0,0.9016302,106.0,260.0,0.90511453
guy3_warrior149.jpg,105.0,123.0,0.46938217,104.0,117.0,0.5957695,101.0,118.0,0.43965024,115.0,108.0,0.62000966,109.0,109.0,0.41093454,136.0,114.0,0.60403377,121.0,118.0,0.5242413,101.0,103.0,0.6589687,92.0,108.0,0.49009803,70.0,91.0,0.38926288,68.0,94.0,0.33378834,195.0,150.0,0.7927661,190.0,148.0,0.59611833,188.0,205.0,0.87809885,235.0,159.0,0.49292502,191.0,259.0,0.91642153,281.0,166.0,0.7909114
guy3_warrior149_flipped.jpg,194.0,123.0,0.5513251,197.0,119.0,0.6776303,195.0,117.0,0.6771177,188.0,109.0,0.67113185,186.0,108.0,0.7083915,170.0,116.0,0.7496333,160.0,114.0,0.7652943,201.0,108.0,0.5745745,194.0,104.0,0.42348465,227.0,97.0,0.4436587,231.0,95.0,0.388235,108.0,150.0,0.7313757,101.0,151.0,0.9262938,64.0,161.0,0.7729367,113.0,207.0,0.792011,19.0,162.0,0.83137745,107.0,262.0,0.9360292
guy3_warrior150.jpg,106.0,121.0,0.5166992,105.0,116.0,0.6583022,102.0,117.0,0.46166188,116.0,107.0,0.58783025,109.0,110.0,0.41067857,137.0,113.0,0.64015037,123.0,121.0,0.4963618,106.0,99.0,0.6734432,95.0,103.0,0.49341005,72.0,86.0,0.40279624,70.0,90.0,0.291017,194.0,153.0,0.79329395,187.0,151.0,0.7412604,187.0,207.0,0.907812,232.0,163.0,0.6432866,190.0,261.0,0.89961267,278.0,170.0,0.7545442
guy3_warrior150_flipped.jpg,191.0,121.0,0.656342,194.0,116.0,0.7883673,193.0,115.0,0.6362281,188.0,106.0,0.6524398,185.0,106.0,0.7224545,169.0,115.0,0.5809592,159.0,110.0,0.8031627,199.0,103.0,0.4084704,193.0,100.0,0.45441002,220.0,92.0,0.45141408,223.0,91.0,0.4969462,109.0,151.0,0.8222908,103.0,151.0,0.9175774,66.0,164.0,0.78864455,114.0,207.0,0.7477551,22.0,169.0,0.8391122,108.0,262.0,0.8486655
